Commodity_Code,Trade_Value_Usd
1,80415839
2,14194726
3,3513112771
4,597073576
5,24083475
6,18502722
7,165999574
8,934343033
9,1719802100
10,17528815
11,96475086
12,307044521
13,144184662
14,316693899
15,20716436876
16,1306315738
17,307501131
18,1244183652
19,1149982747
20,332555621
21,1274141440
22,132042769
23,983368042
24,1150638172
25,399623987
26,3235095660
27,25506189794
28,863140713
29,2367300020
30,592776250
31,701611725
32,395255159
33,784919952
34,1070558938
35,57108540
36,8905386
37,1529149
38,3795923832
39,2601768565
40,5618755772
41,61742056
42,640721162
43,253822
44,3789791636
45,171464
46,104946615
47,2535977896
48,4192605864
49,37093812
50,248277
51,820773
52,644797214
53,11231070
54,552480894
55,1572440849
56,164685693
57,46896450
58,32838540
59,105114605
60,119020020
61,3350092454
62,3633844120
63,314053539
64,4804496152
65,62771904
66,1618260
67,390587750
68,131743576
69,274713069
70,278326576
71,8222548260
72,10861567212
73,1191309314
74,1894788386
75,808419686
76,610110600
78,9587950
79,21993110
80,1130107254
81,8564527
82,89998514
83,93497251
84,5204353194
85,9232680689
86,94909042
87,6602545223
88,46528282
89,231032707
90,635751886
91,30449969
92,561469777
93,271722
94,2287497929
95,500514553
96,361797636
97,6431459
99,49900588
103,75489692
104,704836
105,285577
106,3935732
204,85
207,332845
208,13373592
210,488202
301,49653139
302,125797300
303,532050024
304,563401994
305,104375806
306,1606471181
307,509875591
308,21487733
401,9246318
402,20800436
403,16151771
404,657164
405,560448
406,7182542
407,1302606
408,57008
409,462121
410,540653156
501,1104267
504,34352
505,1943950
506,1367072
507,40606
508,13736785
510,4593
511,5851845
601,2824838
602,7942109
603,4539902
604,3195872
701,3332001
702,589789
703,14139635
704,12352504
705,1375447
706,159530
707,21267
708,2875528
709,3462469
710,24563119
711,1071349
712,7512436
713,51866487
714,42678006
801,544098606
802,269331038
803,5650146
804,86445895
805,1166639
806,3620
807,247841
808,45161
809,39626
810,3275225
811,5547620
812,1619
813,18475483
814,14508
901,821932088
902,96323498
903,34718
904,169751701
905,60247736
906,151292042
907,176540022
908,222966385
909,899931
910,19813974
1001,11
1005,16516340
1006,1012416
1008,47
1101,22238210
1102,1327269
1103,22980
1104,4020240
1105,312432
1106,17967289
1108,50529959
1109,56704
1201,544898
1202,5093715
1203,36545685
1204,449
1206,62601
1207,10482788
1208,73495
1209,12795699
1210,43
1211,41589980
1212,199767185
1213,8646
1214,79331
1301,44506437
1302,99678225
1401,2761445
1404,313932453
1501,68303
1504,4540636
1506,3969
1507,6223
1508,105
1509,1723
1510,1359
1511,17363920824
1512,261662
1513,1873723461
1514,1
1515,4155021
1516,288508063
1517,861797545
1518,156992367
1520,145128172
1521,1463437
1522,15863999
1601,177938
1602,699277
1603,575662
1604,398700644
1605,906162215
1701,23570630
1702,84748623
1703,76284754
1704,122897122
1801,75807280
1802,1624483
1803,137378201
1804,790989872
1805,194321413
1806,44062401
1901,107274435
1902,325564265
1903,4384772
1904,21642367
1905,691116907
2001,49880
2002,27044
2003,3606294
2004,3797516
2005,3908762
2006,42903
2007,8074170
2008,267721526
2009,45327521
2101,527179270
2102,3185455
2103,225565827
2104,2956327
2105,25619642
2106,489634916
2201,14546453
2202,71038873
2203,6607191
2204,182843
2206,101679
2207,38635573
2208,492245
2209,437909
2301,11440896
2302,124374847
2303,5252448
2304,30
2305,1
2306,747462641
2308,14849840
2309,79987335
2401,195918685
2402,864409706
2403,90309779
2501,201951
2503,4457
2504,3377
2506,12149592
2507,7879198
2509,9199
2513,8425145
2514,140389
2515,2325765
2516,124356
2517,39274683
2518,51121
2519,14401
2520,314764
2521,1308
2522,875329
2523,319947490
2526,116473
2528,13701
2529,13309
2530,7737970
2601,98364620
2602,1354363
2603,2412203642
2604,116
2606,555496423
2607,20476523
2608,21190653
2615,83811643
2616,4590
2618,9492073
2619,4792622
2620,27651719
2621,256668
2701,14534016528
2702,1923681916
2704,69584516
2705,180
2706,3952280
2707,719473005
2709,1396868368
2710,706187931
2711,5397681896
2712,12395622
2713,737911554
2714,4396217
2715,39776
2801,884246
2802,312764
2803,13594623
2804,2608738
2805,15826
2807,240244
2808,351
2809,61196
2810,18815
2811,33707591
2812,36000
2813,1527288
2814,386985432
2815,31744001
2816,631
2817,21061227
2818,270863742
2819,1
2820,288968
2821,522060
2822,632
2823,1900800
2825,2385843
2826,1861866
2827,5097282
2828,6081
2829,67404
2831,15448
2832,112357
2833,10285465
2835,589240
2836,11555466
2839,7649723
2840,14626
2841,8785
2842,76168
2843,48012903
2844,27714
2845,171
2847,7119551
2849,1835431
2852,323
2853,43670
2901,56024513
2902,72567107
2903,194255005
2904,17800
2905,577548358
2906,701053
2907,7746081
2908,790460
2909,73041010
2910,5557
2911,16746
2912,23663768
2914,1498360
2915,535234169
2916,64539251
2917,93561234
2918,907903
2919,42819
2920,5044877
2921,214363
2922,273840684
2923,790774
2924,10612190
2925,9182885
2926,286393
2927,57494095
2928,295911
2929,8156596
2930,10316813
2931,2252047
2932,850305
2933,154297343
2934,85639098
2935,4978384
2936,3488033
2937,5233263
2938,614153
2939,12783959
2940,17923835
2941,241773
2942,601030
3002,78391358
3003,15783708
3004,472324154
3005,5023772
3006,21253256
3101,6215041
3102,607828980
3103,5509557
3104,7106896
3105,74951249
3201,36649436
3202,5383778
3203,531496
3204,142142249
3205,56644
3206,16354834
3207,24471366
3208,59130613
3209,4623440
3210,1099992
3211,275642
3212,900736
3213,72645
3214,10493874
3215,93068406
3301,215830233
3302,189627469
3303,122171539
3304,109827898
3305,87463664
3306,27418359
3307,32580786
3401,682939132
3402,304870730
3403,4733678
3404,70727291
3405,2777342
3406,4376890
3407,133872
3501,6994
3502,12739
3503,17966
3504,673516
3505,8329713
3506,41538760
3507,6528851
3602,505680
3603,3106
3604,145779
3605,8198481
3606,52339
3701,691821
3702,1456
3703,102257
3704,5216
3705,25739
3706,996
3707,701662
3801,73807
3802,73470970
3804,9069
3805,42424898
3806,83655064
3807,589
3808,268493624
3809,41218270
3810,1079244
3811,3361114
3812,26545932
3813,453139
3814,2782026
3815,94091793
3816,1206469
3817,32189803
3818,34535738
3819,730445
3820,2035925
3821,67459
3822,868928
3823,2916209322
3824,146047081
3825,77979
3826,24295133
3901,364987791
3902,114037205
3903,67884275
3904,184606206
3905,5792877
3906,91177791
3907,275954951
3908,22118424
3909,26562280
3910,10516298
3911,1398223
3912,2762267
3913,5611260
3914,75
3915,27935886
3916,15514861
3917,57268379
3918,9363710
3919,78168424
3920,608594274
3921,114326149
3922,1959428
3923,292017959
3924,58355917
3925,15697899
3926,149155746
4001,3011685500
4002,343366196
4003,4958986
4004,849115
4005,52887186
4006,84126
4007,2781203
4008,4573790
4009,32219904
4010,55656695
4011,1485352121
4012,10165706
4013,14117038
4014,9900037
4015,466598235
4016,123307121
4017,252805
4101,36
4103,264156
4104,374925
4105,4849
4106,6102023
4107,35622910
4112,8243585
4113,7377475
4114,2492
4115,3749599
4201,4821343
4202,545198407
4203,87019714
4205,3681696
4301,2
4302,83345
4303,151826
4304,18648
4401,84438285
4402,272189644
4403,277385
4404,268586
4405,1435947
4407,61915382
4408,80494605
4409,623414777
4410,16088066
4411,103624144
4412,1744797803
4413,51980
4414,38434960
4415,7697915
4416,127424
4417,3481903
4418,409690865
4419,25763593
4420,53992819
4421,261605545
4502,1008
4503,148119
4504,22336
4601,13875382
4602,91071232
4702,396396596
4703,2126319184
4706,10579192
4707,2682922
4801,10552393
4802,1822797131
4803,762649487
4804,35887128
4805,594092025
4806,7295937
4807,72469
4808,268903
4809,58092296
4810,275348482
4811,56165266
4813,49916750
4814,69
4816,20686705
4817,4639361
4818,165332479
4819,158999967
4820,111731542
4821,188689
4822,5643066
4823,52245709
4901,15330769
4902,128636
4903,1625392
4905,54736
4906,223287
4907,8573685
4908,2152770
4909,3370281
4910,603508
4911,5030744
5001,186
5006,207014
5007,41076
5101,152
5102,561
5105,63
5106,7818
5107,634834
5108,376
5109,631
5110,16598
5111,723
5112,159012
5201,1512892
5202,10231207
5203,20342201
5204,124671
5205,412157136
5206,76649812
5207,582784
5208,67858171
5209,20570180
5210,22937313
5211,4010483
5212,7820356
5301,1
5303,1254311
5305,9238713
5306,32355
5307,410389
5308,89382
5309,44786
5310,193
5311,160936
5401,4743416
5402,257755461
5403,156648
5404,5636107
5406,5253
5407,274524995
5408,9659011
5501,562355
5502,730067
5503,224937734
5504,414043385
5505,3065253
5506,319858
5508,9025849
5509,483412905
5510,268054326
5511,98077
5512,5981602
5513,54288963
5514,22074439
5515,61239588
5516,24606442
5601,41678479
5602,4942366
5603,90827720
5604,1282771
5605,616172
5606,476057
5607,7834048
5608,13533099
5609,3494978
5701,241067
5702,17902996
5703,16017918
5704,718981
5705,12015486
5801,1119309
5802,72519
5803,1324617
5804,3825759
5805,1321
5806,22442166
5807,733738
5808,79712
5809,1411
5810,3186873
5811,51109
5901,774982
5902,55891720
5903,23497064
5904,0
5905,76942
5906,12924012
5907,25917
5908,209234
5909,937
5910,331127
5911,11382666
6001,15940058
6002,1623678
6003,173630
6004,27096968
6005,9492225
6006,64693458
6101,73151801
6102,74565660
6103,270406105
6104,691214703
6105,113186735
6106,99274591
6107,56360400
6108,145933874
6109,438358283
6110,880143062
6111,135299091
6112,118444160
6113,11289786
6114,47072165
6115,106643007
6116,69678638
6117,19070385
6201,431000275
6202,162199729
6203,639181658
6204,875431052
6205,299495961
6206,433376389
6207,25369192
6208,57518710
6209,53984301
6210,134019078
6211,166241207
6212,302192888
6213,87237
6214,1361794
6215,123165
6216,46713560
6217,5547915
6301,11519754
6302,33938881
6303,27391592
6304,2080983
6305,67094025
6306,7664735
6307,160492341
6308,32873
6309,1900554
6310,1937796
6401,6998167
6402,414146321
6403,2231102240
6404,2045163849
6405,21515044
6406,85570528
6501,353026
6502,184878
6504,943322
6505,35398182
6506,24470109
6507,1422385
6601,1211677
6602,245121
6603,161461
6701,165213
6702,746293
6703,2073896
6704,387602348
6801,3827212
6802,41365171
6804,19563931
6805,2443095
6806,7703877
6807,1036590
6808,1618091
6809,5671157
6810,17993917
6811,20837247
6812,145812
6813,5092937
6814,74582
6815,4369951
6901,550045
6902,956172
6903,1074820
6904,646200
6905,323446
6906,81
6907,66634567
6909,96811191
6910,26184393
6911,54169141
6912,14710341
6913,3800341
6914,8852324
7002,354943
7003,247530
7004,351515
7005,148620161
7006,515888
7007,16088996
7008,841849
7009,20456862
7010,31461723
7011,32865
7013,36383710
7014,3498
7015,66985
7016,10748832
7017,3732061
7018,300792
7019,5540193
7020,2578165
7101,40314520
7102,154544
7103,275161
7104,123906
7105,5
7106,115822292
7107,40
7108,5541877857
7109,20
7110,51
7112,1057979273
7113,1447599686
7114,609342
7115,21460
7116,222153
7117,17513456
7118,34488
7201,160876253
7202,4744997883
7203,2487134
7204,49430157
7205,136574
7206,161636
7207,414639216
7208,530148302
7209,4118277
7210,34521432
7211,221486
7212,807726
7213,168441456
7214,22151928
7215,211368
7216,3947045
7217,21359517
7218,1630911693
7219,2992957212
7220,34168807
7221,82333
7222,1940042
7223,15060570
7224,119946
7225,5047153
7226,2014292
7227,1033854
7228,3665172
7229,15908732
7301,6259786
7302,1237491
7303,1452280
7304,258842327
7305,17257953
7306,25927144
7307,99012135
7308,275007522
7309,4419749
7310,7334496
7311,2441323
7312,108211501
7313,2008632
7314,6632400
7315,16989226
7316,1789016
7317,1396845
7318,76566978
7319,810266
7320,62989010
7321,7104742
7322,37922
7323,32719283
7324,1357286
7325,8484447
7326,165019540
7401,5796921
7403,1257646272
7404,197543153
7406,504
7407,82066192
7408,337202672
7409,3255702
7410,118921
7411,1908231
7412,6204165
7413,74705
7415,1099402
7418,845034
7419,1026505
7501,764413238
7503,3224094
7505,157153
7506,82327
7507,26620021
7508,13922849
7601,273295892
7602,14734306
7603,176769
7604,142367229
7605,12914920
7606,17446393
7607,40858074
7608,9403293
7609,1020683
7610,22577127
7611,58678
7612,24207813
7613,1315691
7614,28695810
7615,9968178
7616,11069735
7801,6642286
7804,285885
7806,2659778
7901,3164847
7902,8310874
7903,6290890
7904,217
7905,946393
7907,3279887
8001,1114844789
8003,15133649
8007,128816
8101,1529183
8102,172455
8103,4550030
8104,562933
8108,300866
8110,1429671
8112,85
8113,19301
8201,112826
8202,16667531
8203,1478154
8204,433682
8205,2236154
8206,339911
8207,41241864
8208,9292820
8209,877363
8210,73937
8211,662446
8212,259682
8213,9116
8214,218994
8215,16094027
8301,12156330
8302,37173277
8303,6245942
8304,329911
8305,127329
8306,11084643
8307,1855336
8308,2755439
8309,9329286
8310,260249
8311,12179503
8401,18200
8402,5315495
8403,8589049
8404,7295011
8405,68138
8406,10252875
8407,391599191
8408,40048336
8409,369896399
8410,100844
8411,99710742
8412,19707179
8413,90475016
8414,201982792
8415,98611689
8416,257214
8417,4621480
8418,401940412
8419,43989199
8420,158019
8421,172374625
8422,21259416
8423,12156643
8424,11589811
8425,9328649
8426,10408339
8427,5226055
8428,3809934
8429,229097377
8430,12002302
8431,186720005
8432,2740171
8433,422308
8434,65739
8435,12962
8436,610967
8437,1524761
8438,5693359
8439,4340159
8440,146659
8441,1019759
8442,531532
8443,1467045302
8444,2739
8445,943927
8446,1753734
8447,3748655
8448,8273829
8449,161567
8450,14350931
8451,798785
8452,1826126
8453,986462
8454,1716809
8455,46797
8456,1439131
8457,810994
8458,929476
8459,906940
8460,382001
8461,730921
8462,3578739
8463,155499
8464,22961
8465,4646005
8466,6983727
8467,11208768
8468,3762358
8470,25423944
8471,242271162
8472,1116180
8473,224794952
8474,98765547
8475,312430
8476,18689039
8477,11496544
8478,19222799
8479,66540482
8480,36720812
8481,93971557
8482,152266077
8483,136349091
8484,39518359
8486,9344160
8487,4618025
8501,186410108
8502,12737040
8503,28414340
8504,349972825
8505,23436787
8506,473883052
8507,188133097
8508,9605417
8509,85517398
8510,238847700
8511,79503029
8512,171318850
8513,7287017
8514,695249
8515,5771050
8516,318491181
8517,1539747856
8518,234456953
8519,294977
8521,11910055
8522,147061255
8523,12899550
8525,96621318
8526,60850830
8527,129465644
8528,947329335
8529,126068981
8530,154269
8531,203697883
8532,509704879
8533,118255590
8534,29512588
8535,8065188
8536,482369093
8537,291298051
8538,83110787
8539,38812624
8540,347218
8541,157743942
8542,274062869
8543,207156864
8544,1318089600
8545,7753543
8546,2313138
8547,3004592
8548,10497052
8602,13221294
8603,18756334
8604,1000
8605,41053867
8606,276100
8607,17398284
8608,39066
8609,4163096
8701,62034288
8702,8433250
8703,2689174644
8704,168360950
8705,923572
8706,132754
8707,20541209
8708,1499868594
8709,6994999
8710,262335
8711,1355582652
8712,119740044
8713,39456
8714,664962684
8715,104303
8716,5389483
8801,24038
8802,310000
8803,45787416
8804,1835
8805,404992
8901,72913435
8903,8197869
8904,39622916
8905,99286752
8906,4495341
8907,6516392
9001,87018017
9002,45266442
9003,1451662
9004,340615
9005,142149
9006,3034725
9007,426714
9008,20141
9010,1122538
9011,89321
9012,111770
9013,360850
9014,1636302
9015,11161458
9016,78266
9017,1535545
9018,171331686
9019,18557583
9020,2587350
9021,6875191
9022,7801913
9023,1064067
9024,682738
9025,25021171
9026,15728668
9027,63450510
9028,36176158
9029,29698813
9030,9667806
9031,39588741
9032,43212336
9033,10510623
9101,10501072
9102,4801165
9103,7835
9104,4092
9105,20335
9106,14793223
9107,19479
9108,639
9109,10755
9110,4321
9111,25847
9112,1537
9113,211946
9114,47718
9201,93964099
9202,79765212
9205,36200416
9206,8649861
9207,295947923
9208,30554
9209,46911708
9301,34451
9302,2171
9303,1049
9304,82
9305,44
9306,222265
9307,11658
9401,607857189
9402,20132782
9403,1266624410
9404,334681720
9405,48745565
9406,9456260
9503,393371734
9504,3463302
9505,9569922
9506,45299332
9507,48804626
9508,5635
9601,2824438
9602,16959665
9603,52647297
9604,29035
9605,1351532
9606,6177438
9607,73730189
9608,15985028
9609,49806756
9610,5823612
9611,48152
9612,15122182
9613,4323944
9614,11944
9615,129278
9616,2406153
9617,257166
9618,1990362
9619,111239171
9620,934285
9701,5447456
9703,980967
9704,3035
9999,49900588
10392,75489692
10410,685686
10420,19150
10511,283127
10594,2450
10614,66187
10619,115102
10620,3036574
10632,674135
10639,687
10649,6666
10690,36380
20450,85
20712,332743
20714,102
20850,94011
20890,13279581
21019,110
21020,82
21093,472954
21099,15055
30111,24676193
30119,6063533
30192,1812377
30193,2122
30199,17098913
30221,2086
30224,55
30229,214794
30231,903061
30232,11303451
30234,3402900
30236,87251
30239,1398941
30242,1622
30243,6162
30244,132
30246,1291
30247,438370
30249,24421570
30271,689
30272,50
30273,9731
30274,693
30279,4153
30282,2120249
30284,5736
30285,11087
30289,81341613
30291,13812
30292,104100
30299,3692
30311,34090
30312,145865
30313,289352
30319,49680
30323,2165394
30324,6867591
30325,6153
30326,13249382
30329,320865
30331,400291
30333,49879
30339,3781
30341,12535059
30342,45538180
30343,62034711
30344,3128410
30346,73621
30349,5071234
30353,1428179
30354,3134448
30355,228786
30356,554846
30357,8380669
30359,105151668
30369,129177
30381,8284688
30382,1271832
30384,49271
30389,243253323
30391,7354865
30392,654373
30399,210347
30431,234857
30432,4274
30433,4412
30439,15814
30441,2
30445,105174
30449,22380214
30459,274836
30461,75895113
30462,14043
30469,553781
30471,5
30481,2324785
30482,2010286
30483,52940
30484,11149025
30487,238693979
30488,428930
30489,121596901
30491,13359
30493,281082
30496,545694
30499,86822478
30510,2985090
30520,40480623
30539,4129698
30549,23807998
30554,1273993
30559,10973111
30561,13830
30563,3735306
30569,205156
30571,9731545
30572,6176966
30579,862486
30611,3681368
30612,400818
30614,10675359
30615,4294
30616,5240317
30617,1414531799
30619,821294
30631,71453818
30632,256196
30633,44509201
30635,8665853
30636,26283193
30639,354823
30691,140109
30693,17670971
30695,1680124
30699,101638
30711,340766
30712,40
30721,91718
30722,803909
30729,3850
30731,201
30732,12090
30742,301546
30743,425636497
30749,2004313
30751,399
30752,68177448
30759,779133
30760,4762661
30771,2326918
30772,1550106
30779,9600
30781,1470
30782,197476
30783,509641
30784,77333
30787,18679
30791,1208329
30792,1051262
30799,10194
30811,249972
30812,908376
30819,12172563
30821,36843
30829,0
30830,6386160
30890,1733815
40110,578231
40120,4473116
40140,3813151
40150,381819
40210,6195390
40221,3327844
40229,5524239
40299,5752962
40310,5521655
40390,10630115
40410,600605
40490,56558
40510,157023
40590,403425
40610,405788
40620,138976
40630,2454866
40640,2716
40690,4180195
40711,1301641
40719,184
40790,780
40811,56970
40819,38
40900,462121
41000,540653156
50100,1104267
50400,34352
50510,769815
50590,1174135
50610,672
50690,1366400
50710,40506
50790,100
50800,13736785
51000,4593
51191,5605424
51199,246421
60110,59307
60120,2765530
60210,6592262
60220,43345
60290,1306500
60311,3096
60313,69500
60314,732724
60315,1045610
60319,2688125
60390,845
60420,1975503
60490,1220369
70190,3332001
70200,589789
70310,13801655
70320,307217
70390,30762
70410,83982
70420,262514
70490,12006006
70511,25776
70519,1336510
70521,13160
70610,84411
70690,75119
70700,21267
70810,49218
70820,1377258
70890,1449050
70920,2981
70930,745106
70940,59
70951,461943
70959,13205
70960,669580
70970,8096
70993,336697
70999,1224798
71010,1116398
71021,8241
71022,831735
71029,9249972
71030,377
71040,726513
71080,12143417
71090,486462
71140,729
71151,125852
71190,944768
71220,4472
71231,194491
71232,11364
71233,364
71239,468420
71290,6833322
71310,31213
71320,622
71331,51481683
71332,1249
71333,214994
71339,188
71350,157
71390,136378
71410,9730796
71420,9628411
71430,2839
71440,3074557
71490,20241402
80111,178793674
80112,58662254
80119,160343358
80121,948
80122,19074
80131,102367467
80132,43911827
80211,72
80212,1715991
80222,16597
80231,14
80232,3760
80252,1
80262,934
80270,2782
80280,256565718
80290,11025164
80310,1307983
80390,4342162
80410,150809
80430,3803933
80440,117245
80450,82373906
80510,47206
80522,360
80529,2557
80540,95
80550,1028316
80590,88104
80610,1132
80620,2487
80711,153449
80719,76386
80720,18004
80810,45161
80929,1139
80940,38487
81010,200
81020,405677
81040,20
81050,22
81060,231700
81090,2637604
81110,1392850
81190,4154770
81290,1619
81330,511
81340,18238934
81350,236037
81400,14508
90111,809158886
90112,514841
90121,9671259
90122,512230
90190,2074871
90210,2390507
90220,14790666
90230,26708635
90240,52433689
90300,34718
90411,155336638
90412,5051128
90421,1095573
90422,8268361
90510,56888720
90520,3359016
90611,37195811
90619,35308983
90620,78787248
90710,173216310
90720,3323712
90811,75559048
90812,20540511
90821,47005765
90822,15314805
90831,64392187
90832,154066
90921,722302
90922,35047
90931,42
90932,12057
90961,128892
90962,1589
91011,3787836
91012,652404
91020,103
91030,9462677
91091,1100526
91099,4810426
100119,11
100510,682778
100590,15833562
100610,418823
100620,10917
100630,581657
100640,1016
100810,47
110100,22238210
110220,568323
110290,758945
110311,2294
110313,5854
110319,12116
110320,2715
110412,5430
110419,13142
110422,73
110423,7
110429,29351
110430,3972236
110510,274632
110520,37799
110610,14440
110620,2786587
110630,15166261
110811,10242
110812,16060319
110813,2257562
110814,30653520
110819,1506838
110820,41477
110900,56704
120190,544898
120230,3700
120241,4786021
120242,303993
120300,36545685
120400,449
120600,62601
120710,7731319
120729,668419
120730,6164
120740,2023839
120770,31966
120799,21079
120810,67225
120890,6270
120924,2954
120929,401230
120930,3063512
120991,7880443
120999,1447558
121020,43
121120,21080
121190,41568900
121221,178564336
121229,4569003
121291,11095
121292,88
121293,37788
121299,16584873
121300,8646
121490,79331
130120,103442
130190,44402994
130212,7760
130213,69
130219,912343
130220,249488
130231,11605414
130232,20485
130239,86882662
140110,2376251
140190,385193
140420,129669
140490,313802783
150190,68303
150410,624224
150420,3916411
150600,3969
150710,5849
150790,373
150810,100
150890,5
150910,1711
150990,11
151000,1359
151110,4743566753
151190,12620354071
151219,158824
151221,98955
151229,3883
151311,236238492
151319,309128581
151321,244124020
151329,1084232367
151419,1
151511,1524
151519,3546
151529,11235
151530,98544
151550,29017
151590,4011152
151610,15
151620,288508048
151710,91458997
151790,770338547
151800,156992367
152000,145128172
152110,1442923
152190,20514
152200,15863999
160100,177938
160210,234
160220,74763
160231,46752
160232,190334
160239,70
160249,71
160250,53758
160290,333292
160300,575662
160411,888293
160412,4
160413,34514296
160414,339398042
160415,3008799
160416,278755
160417,996287
160418,861888
160419,3146407
160420,13456159
160432,2151710
160510,294622507
160521,459986910
160529,119903132
160530,190407
160540,296918
160552,35580
160554,7844419
160555,4246134
160556,8004335
160557,4317905
160558,4168274
160559,192218
160561,1884556
160563,370820
160569,98095
170112,30293
170113,546
170114,133331
170191,43234
170199,23363225
170211,262
170219,508653
170220,46608
170230,4380107
170240,234651
170250,0
170260,136767
170290,79441573
170310,73062281
170390,3222472
170410,5030143
170490,117866979
180100,75807280
180200,1624483
180310,52272737
180320,85105463
180400,790989872
180500,194321413
180610,2428579
180620,16632344
180631,1834515
180632,813771
180690,22353190
190110,56047989
190120,7781543
190190,43444902
190211,377620
190219,18405989
190220,155164
190230,306625489
190300,4384772
190410,8083035
190420,1407951
190430,6874
190490,12144506
190510,2294695
190520,237914
190531,278560753
190532,338087974
190540,1691847
190590,70243720
200110,1
200190,49879
200210,250
200290,26793
200310,3601980
200390,4314
200410,27637
200490,3769879
200510,104061
200520,1065019
200540,14472
200551,95942
200559,12949
200580,408
200591,242
200599,2615666
200600,42903
200710,484806
200791,34766
200799,7554597
200811,9661466
200819,3468599
200820,232318762
200830,5740
200860,203
200880,1693
200893,186
200897,6973453
200899,15291421
200911,190
200912,6550
200919,352806
200929,160832
200939,32076
200941,66236
200949,37936670
200969,2895
200979,82472
200981,2944
200989,3408128
200990,3275718
210111,266639999
210112,257631300
210120,2827405
210130,80564
210210,129516
210220,2662701
210230,393236
210310,22447487
210320,965089
210330,193895
210390,201959354
210410,1246048
210420,1710279
210500,25619642
210610,166455
210690,489468461
220110,11941343
220190,2605109
220210,28239180
220291,33613
220299,42766079
220300,6607191
220410,50297
220421,51866
220429,80679
220600,101679
220710,37314938
220720,1320635
220820,481454
220830,7265
220840,506
220850,533
220860,1069
220890,1416
220900,437909
230110,10244
230120,11430652
230210,1691325
230230,122454969
230240,228552
230310,3787637
230320,1464810
230400,30
230500,1
230610,782321
230630,1555
230649,253795
230650,32404324
230660,664604186
230690,49416458
230800,14849840
230910,149538
230990,79837797
240110,63276507
240120,132268216
240130,373961
240210,84461245
240220,776054075
240290,3894385
240311,98053
240319,65424955
240391,9125689
240399,15661080
250100,201951
250300,4457
250410,3377
250610,12113592
250620,36000
250700,7879198
250900,9199
251310,8392637
251320,32507
251400,140389
251512,2294998
251520,30767
251620,18891
251690,105464
251710,37907378
251741,9883
251749,1357421
251810,14601
251830,36520
251910,13339
251990,1062
252010,40577
252020,274187
252100,1308
252210,196800
252220,662620
252230,15909
252310,239295535
252321,3484624
252329,68273413
252330,15895
252390,8878021
252620,116473
252800,13701
252910,10480
252930,2829
253010,14685
253090,7723284
260111,44560011
260112,53804609
260200,1354363
260300,2412203642
260400,116
260600,555496423
260700,20476523
260800,21190653
261510,83811643
261690,4590
261800,9492073
261900,4792622
262011,135590
262019,26918304
262040,21823
262099,576000
262190,256668
270111,142571510
270112,3774763701
270119,10616681317
270210,1920095807
270220,3586108
270400,69584516
270500,180
270600,3952280
270710,4291188
270740,714875
270750,21602795
270799,692864145
270900,1396868368
271012,100335708
271019,605131292
271020,45738
271099,675191
271111,3609530721
271119,207626
271121,1787943544
271129,4
271210,379451
271220,2967
271290,12013203
271311,52803573
271312,12291013
271320,1509372
271390,671307595
271410,61297
271490,4334920
271500,39776
280110,3152
280120,881094
280200,312764
280300,13594623
280410,2307
280421,1203060
280429,1101665
280430,58090
280440,17536
280461,1965
280469,224111
280511,215
280512,491
280519,14565
280540,553
280700,240244
280800,351
280920,61196
281000,18815
281111,968
281119,9025117
281121,22285
281122,24659221
281290,36000
281310,1527288
281410,386935210
281420,50222
281511,1379914
281512,30359568
281520,4428
281530,90
281610,631
281700,21061227
281810,29447
281820,258883143
281830,11951151
281910,1
282010,25
282090,288943
282110,522060
282200,632
282300,1900800
282540,21645
282550,157153
282560,132
282590,2206912
282612,1849307
282619,12559
282710,54604
282720,2822511
282731,3623
282732,1747686
282739,17781
282741,314767
282749,35500
282751,78643
282759,21116
282760,1048
282810,4795
282890,1285
282990,67404
283110,15448
283210,111136
283230,1221
283311,4547444
283319,128099
283321,4
283322,5609873
283325,0
283329,43
283330,1
283510,32452
283522,8293
283524,17873
283525,77241
283526,280
283529,21797
283531,427035
283539,4265
283620,7362190
283630,37974
283650,3874777
283660,45044
283699,235479
283911,62907
283919,7280045
283990,306770
284011,200
284019,496
284020,13930
284130,982
284170,7803
284210,24028
284290,52140
284329,63038
284330,47837767
284390,112097
284430,1
284440,27713
284510,171
284700,7119551
284910,1625407
284920,811
284990,209213
285210,323
285390,43670
290121,4148029
290122,1463123
290123,38647635
290124,11725532
290129,40192
290219,724009
290220,12100853
290230,3880117
290243,18002948
290244,53655
290250,35862168
290290,1943354
290311,1504
290315,66228330
290319,182
290321,127965810
290329,7005
290339,22181
290371,5
290375,29964
290389,20
290399,1
290410,17800
290511,38432811
290512,287392
290513,887
290514,7272545
290516,102205144
290517,62418387
290519,27865804
290522,38958
290529,200752
290531,13718154
290532,38108
290539,68369
290543,4520
290544,36662857
290545,288321910
290559,11753
290611,229257
290613,102
290619,433144
290621,987
290629,37561
290711,4622166
290712,22
290713,2297766
290719,53092
290723,690690
290729,82342
290899,790460
290919,20337735
290920,2422
290930,5541538
290941,276701
290943,44345
290944,5583
290949,630961
290950,39146234
290960,7055488
291030,7
291090,5550
291100,16746
291211,156284
291212,38
291219,1188475
291229,56235
291241,16672230
291242,17251
291249,7504
291260,5565748
291413,79
291419,32653
291422,327
291423,6581
291429,425202
291439,969072
291440,5446
291450,7371
291462,51626
291511,21716
291512,87441
291513,1206
291521,9599
291529,1208
291531,7525
291532,47234
291533,8593957
291539,2605539
291550,3386
291560,23595
291570,134261755
291590,389570003
291611,25829104
291612,25967615
291614,3955836
291615,4763401
291619,722915
291620,190315
291631,18589
291632,2695695
291639,395777
291712,17927
291714,6096832
291719,442433
291720,5484
291732,319146
291733,26742
291734,43951
291735,9581466
291736,76911360
291739,115890
291811,464241
291812,896
291813,9910
291814,69360
291815,23760
291816,2356
291819,7752
291821,248
291823,49765
291829,248354
291830,13908
291899,17346
291990,42819
292019,2
292090,5044875
292111,53085
292119,4
292121,382
292122,691
292129,96029
292130,62863
292142,481
292151,2
292159,821
292211,70033
292212,35734
292217,10
292219,62567
292221,1277
292229,58108
292241,119147628
292242,152778498
292249,1376884
292250,309941
292310,8872
292320,219103
292390,562798
292412,143793
292419,9823792
292421,123760
292429,520844
292511,245799
292519,1
292529,8937085
292690,286393
292700,57494095
292800,295911
292910,2099499
292990,6057096
293020,3724
293030,2153
293040,15282
293090,10295653
293139,142994
293190,2109052
293212,0
293213,285
293214,1641
293219,379514
293220,125890
293299,342973
293319,168361
293321,2682711
293329,4740652
293331,2
293339,21868
293349,29554
293359,59803
293361,5291
293369,146892
293379,1963
293399,146440241
293410,118364
293420,2061
293430,21
293499,85518651
293590,4978384
293621,303992
293622,88688
293624,135505
293625,539
293626,932862
293627,146436
293628,414010
293629,1120309
293690,345687
293719,5015678
293722,33605
293723,90673
293729,25807
293790,67500
293890,614153
293920,12529968
293930,218182
293959,0
293979,35760
293980,48
294000,17923835
294110,33912
294130,94
294150,12431
294190,195335
294200,601030
300211,31
300212,171313
300215,76010
300219,5587
300220,61455356
300230,15485544
300290,1197515
300310,142446
300320,96101
300339,15545159
300410,74960896
300420,14856330
300431,21042
300432,3641048
300439,11761159
300441,887778
300442,4295630
300443,5104884
300449,794
300450,46510860
300490,310283729
300510,3322144
300590,1701627
300610,38939
300620,39235
300630,26641
300640,25054
300650,1417
300660,20985233
300670,134699
300692,2034
310100,6215041
310210,579797791
310221,218084
310229,4780
310230,27635116
310240,3348
310250,15
310280,27
310290,169816
310311,1277502
310319,2173208
310390,2058845
310420,74247
310430,7006425
310490,26224
310510,35286
310520,2035099
310530,1
310540,15884
310551,71023437
310559,55819
310560,933
310590,1784787
320110,13443
320120,2825
320190,36633168
320210,5341622
320290,42155
320300,531496
320411,57284499
320412,6386873
320413,344520
320414,3113033
320415,246468
320416,23526200
320417,32973124
320419,1968078
320420,16211132
320490,88316
320500,56644
320611,135761
320619,2554562
320620,1998501
320641,48884
320649,11588124
320650,29000
320710,14502846
320720,2960562
320730,16507
320740,6991449
320810,23440962
320820,10050601
320890,25639049
320910,955501
320990,3667939
321000,1099992
321100,275642
321210,543196
321290,357540
321310,66627
321390,6018
321410,5157211
321490,5336662
321511,11152589
321519,73175675
321590,8740141
330112,386515
330113,146614
330119,28543446
330124,555559
330125,11129987
330129,126700253
330130,43681
330190,48324175
330210,118667358
330290,70960111
330300,122171539
330410,2352661
330420,4120226
330430,73918
330491,10719975
330499,92561117
330510,42822795
330520,151416
330530,30938
330590,44458513
330610,25715488
330620,171794
330690,1531076
330710,973891
330720,5498868
330730,3300
330741,2461732
330749,8832926
330790,14810066
340111,224182780
340119,25290325
340120,371625638
340130,61840387
340211,82164102
340212,7817999
340213,3251178
340219,11430928
340220,179776702
340290,20429818
340311,259101
340319,605360
340391,887868
340399,2981347
340420,219609
340490,70507682
340510,2244032
340520,93752
340530,36523
340540,173818
340590,229214
340600,4376890
340700,133872
350110,5134
350190,1859
350211,11553
350220,1185
350300,17966
350400,673516
350510,8269660
350520,60052
350610,14743845
350691,21980239
350699,4814675
350790,6528851
360200,505680
360300,3106
360410,31653
360490,114125
360500,8198481
360690,52339
370110,376
370120,630035
370130,52157
370191,1
370199,9250
370210,1455
370252,1
370310,6844
370320,2
370390,95410
370400,5216
370500,25739
370690,996
370710,1747
370790,699914
380110,73722
380190,84
380210,39962022
380290,33508947
380400,9069
380510,41261433
380590,1163465
380610,82906376
380630,648311
380690,100376
380700,589
380852,23409
380859,14511745
380861,5661955
380862,11015267
380869,4580622
380891,140408009
380892,22660162
380893,56443538
380894,1369798
380899,11819115
380910,5
380991,32044552
380992,8465514
380993,708198
381090,1079244
381119,1403799
381121,427765
381129,167311
381190,1362237
381210,381385
381220,732009
381231,180037
381239,25252501
381300,453139
381400,2782026
381511,1702312
381512,83471524
381519,1760609
381590,7157346
381600,1206469
381700,32189803
381800,34535738
381900,730445
382000,2035925
382100,67459
382200,868928
382311,496674719
382312,81609002
382313,152164
382319,1572972056
382370,764801380
382410,2005495
382430,1408
382440,8175998
382450,1247195
382460,26761719
382471,7167
382474,3
382478,2304
382479,71500
382482,377
382491,65900
382499,107708010
382520,10886
382530,19427
382569,45334
382590,2331
382600,24295133
390110,184798805
390120,105479180
390130,1911498
390140,51970650
390190,20827656
390210,106882827
390220,41151
390230,6316905
390290,796321
390311,529203
390319,21453292
390320,197992
390330,12148188
390390,33555597
390410,176346452
390421,248
390422,7040349
390430,34775
390450,270
390461,85558
390469,5412
390490,1093139
390512,3406572
390519,723398
390521,598308
390529,117410
390530,117636
390591,13059
390599,816490
390610,9224690
390690,81953100
390710,820663
390720,2946584
390730,3988072
390740,10574376
390750,18110506
390761,126204211
390769,79859639
390791,13025658
390799,20425238
390810,21192765
390890,925658
390910,5278899
390920,3901338
390931,472988
390939,125461
390940,8901063
390950,7882528
391000,10516298
391110,76524
391190,1321698
391211,165
391212,34653
391220,1482969
391231,700706
391239,354577
391290,189194
391310,582362
391390,5028897
391400,75
391510,2242268
391520,10751
391530,1
391590,25682864
391610,983468
391620,1735391
391690,12796001
391710,152659
391721,915480
391722,25936682
391723,628621
391729,11838766
391731,137404
391732,2261939
391733,1578143
391739,2998934
391740,10819747
391810,241242
391890,9122467
391910,62180046
391990,15988378
392010,77862193
392020,170920381
392030,5618089
392043,2570161
392049,4680116
392051,107912743
392059,434061
392061,17236351
392062,142481274
392069,28782139
392071,3621
392079,217
392091,122465
392092,48197157
392093,780
392094,129985
392099,1642534
392111,983122
392112,1464121
392113,6791756
392119,37233098
392190,67854049
392210,866866
392220,873647
392290,218914
392310,36707669
392321,139414393
392329,26981417
392330,7558772
392340,1366912
392350,24293572
392390,55695222
392410,42718469
392490,15637447
392510,1198507
392520,291295
392530,7409338
392590,6798757
392610,16947134
392620,23311724
392630,3025755
392640,4821755
392690,101049377
400110,6558819
400121,102613705
400122,2900868976
400129,49460
400130,1594538
400211,26074671
400219,118600522
400220,14598017
400231,83591
400239,6812
400241,2
400249,94476
400251,71
400259,9513
400260,1684
400270,168267
400280,183613896
400291,13450
400299,101220
400300,4958986
400400,849115
400510,40881475
400520,2
400591,591223
400599,11414483
400610,33759
400690,50366
400700,2781203
400811,246795
400819,1000654
400821,3263302
400829,63037
400911,2402444
400912,464058
400921,2327978
400922,1470774
400931,7112720
400932,64071
400941,2482480
400942,15895376
401011,22306
401012,279036
401019,25307
401031,36982170
401032,2113901
401033,7073
401034,342277
401035,78539
401039,15806082
401110,1166630844
401120,85411604
401130,178550
401140,94571784
401150,86760079
401170,15572332
401180,30992182
401190,5234742
401211,1120
401212,12123
401213,99417
401219,92865
401220,111814
401290,9848364
401310,2554830
401320,5705894
401390,5856314
401410,518451
401490,9381586
401511,43439816
401519,422831758
401590,326660
401610,858529
401691,7400087
401692,31004
401693,49032257
401694,3464198
401695,243637
401699,62277406
401700,252805
410190,36
410320,260697
410390,3458
410411,5
410419,10082
410441,67506
410449,297330
410530,4849
410621,1
410632,640
410640,5945401
410692,155981
410711,58547
410712,20714144
410719,8347685
410791,42744
410792,951067
410799,5508721
411200,8243585
411310,4789487
411320,10821
411330,1929548
411390,647618
411420,2492
411510,3319511
411520,430087
420100,4821343
420211,4456973
420212,26231825
420219,4881456
420221,79650047
420222,120546975
420229,3197893
420231,3711575
420232,2577759
420239,354551
420291,10828820
420292,284037721
420299,4722806
420310,4659453
420321,74986587
420329,6454442
420330,713354
420340,205875
420500,3681696
430130,2
430219,83345
430310,10144
430390,141682
430400,18648
440111,54775
440112,124070
440121,28140
440122,50135729
440131,32457713
440139,933509
440140,704346
440210,11341384
440290,260848259
440349,277385
440420,268586
440500,1435947
440711,2017297
440712,76304
440719,1914099
440721,1686465
440722,7868157
440725,3670916
440726,57021
440727,1341453
440728,22199
440729,41955647
440791,26513
440792,30051
440793,11750
440796,200
440797,144842
440799,1092460
440810,16551261
440831,1483202
440839,23665674
440890,38794467
440910,9685371
440921,3376
440922,586131584
440929,27594445
441011,16049879
441019,27877
441090,10309
441112,46761070
441113,16901005
441114,28595655
441192,48452
441193,11317960
441210,355457
441231,1163697176
441233,92358161
441234,12157008
441239,52038185
441294,369471086
441299,54720727
441300,51980
441400,38434960
441510,5376110
441520,2321805
441600,127424
441700,3481903
441810,2102244
441820,196598377
441850,49543
441860,753327
441873,12233
441874,126668
441875,58580326
441879,26017636
441891,394
441899,125450113
441911,180789
441912,174905
441919,173749
441990,25234149
442010,46319316
442090,7673502
442110,359634
442191,126807
442199,261119103
450200,1008
450310,0
450390,148119
450410,9987
450490,12349
460121,1183565
460122,3980925
460129,2745810
460192,987307
460193,1242228
460194,406732
460199,3328812
460211,6741979
460212,57816319
460219,23120733
460290,3392201
470200,396396596
470319,17933919
470329,2108385264
470620,8493696
470630,216534
470691,1868956
470692,4
470710,264475
470720,386
470730,419322
470790,1998737
480100,10552393
480220,41000
480254,1800117
480255,417846068
480256,1008722539
480257,322440968
480258,71562358
480261,66044
480262,170353
480269,147680
480300,762649487
480411,1746926
480419,124111
480421,306063
480429,8186295
480431,287265
480439,24679363
480441,178787
480442,356866
480449,21398
480459,47
480511,45110178
480512,111200
480519,446970127
480524,40560924
480525,4037596
480530,1167
480550,20451755
480591,24213211
480592,4058182
480593,8577681
480620,6533776
480630,22525
480640,739635
480700,72469
480810,172385
480890,96517
480920,58009908
480990,82387
481013,46642247
481014,2874963
481019,33239314
481029,123318281
481032,282845
481039,143451
481092,68812908
481099,34470
481110,132111
481141,22633152
481149,976517
481151,5718
481159,15980559
481190,16437208
481310,17364617
481320,21439383
481390,11112749
481490,69
481620,20686697
481690,8
481710,4633820
481730,5541
481810,47478645
481820,106723827
481830,9088965
481850,790
481890,2040250
481910,10761627
481920,35302938
481930,2976576
481940,67678587
481950,41805126
481960,475111
482010,44280316
482020,57336537
482030,4533262
482040,1507192
482050,531421
482090,3542812
482110,112302
482190,76387
482210,3132060
482290,2511005
482320,538412
482340,5883155
482361,17
482369,25253667
482370,645235
482390,19925220
490110,8004455
490191,1074
490199,7325239
490210,64751
490290,63885
490300,1625392
490510,29776
490591,20523
490599,4436
490600,223287
490700,8573685
490810,609166
490890,1543603
490900,3370281
491000,603508
491110,1881518
491191,64455
491199,3084770
500100,186
500600,207014
500710,37342
500720,426
500790,3308
510119,90
510129,62
510211,561
510529,62
510539,1
510610,6971
510620,847
510710,634791
510720,43
510820,376
510910,257
510990,373
511000,16598
511111,29
511119,45
511120,507
511130,48
511190,92
511211,38778
511219,76918
511220,5510
511230,20369
511290,17435
520100,1512892
520210,783239
520291,69661
520299,9378307
520300,20342201
520411,39107
520419,76701
520420,8863
520511,17195801
520512,178491025
520513,59235166
520514,33470615
520515,37048
520521,2669151
520522,20547976
520523,44908244
520524,45225982
520526,518446
520527,651932
520528,114410
520532,1542241
520533,2422032
520534,524602
520535,168552
520542,369941
520543,566939
520544,3159866
520547,335880
520548,1277
520611,13675252
520612,5052932
520613,235113
520614,1778431
520615,19551
520621,2005128
520622,15335345
520623,28605296
520624,6471217
520625,53967
520631,144230
520632,9260
520641,23019
520642,931399
520643,594091
520644,1715572
520710,19722
520790,563062
520811,5807587
520812,20486589
520813,2107014
520819,4122006
520821,1892090
520822,3154659
520823,8394
520829,264404
520831,230573
520832,10336743
520833,1
520839,1401812
520841,45147
520842,435224
520843,13506
520849,33980
520851,1126343
520852,14419802
520859,1972289
520911,6675769
520912,2175491
520919,268580
520921,41752
520922,1132625
520929,167604
520931,15018
520932,1578456
520939,1638271
520942,2024826
520943,117499
520949,66617
520951,915228
520952,39354
520959,3713084
521011,10663395
521019,1509709
521021,3293460
521029,1282268
521031,3060552
521032,188470
521039,1785866
521041,222627
521049,444877
521051,333599
521059,152486
521111,1976553
521112,764181
521119,732645
521120,350101
521131,2
521132,44342
521139,6638
521141,33967
521142,75387
521143,1240
521149,2665
521151,6094
521152,4
521159,16657
521211,12690
521213,1874741
521214,161
521215,5862775
521221,16925
521222,2922
521225,50139
530130,1
530310,31
530390,1254280
530500,9238713
530610,32347
530620,8
530710,41363
530720,369025
530810,10
530890,89372
530911,3745
530919,3004
530921,121
530929,37915
531090,193
531100,160936
540110,4484987
540120,258429
540211,19554
540219,28516539
540220,24757611
540231,5166559
540233,92441288
540234,42801
540239,267938
540244,90529
540245,17148792
540246,14728865
540247,53523520
540248,370617
540249,162275
540251,327454
540252,2040466
540259,28
540261,10393577
540262,7632980
540263,2848
540269,121211
540310,0
540331,146
540332,111840
540339,27454
540341,11031
540349,6174
540411,328
540412,28040
540419,1807255
540490,3800483
540600,5253
540710,56149488
540720,9239745
540730,18024
540741,108322
540742,762425
540744,118034
540751,1935458
540752,34985357
540753,529939
540754,15328435
540761,78785327
540769,3425897
540771,8555766
540772,8418433
540773,37139340
540774,2880152
540781,306244
540782,129715
540783,105217
540784,49
540791,12715182
540792,10785
540793,928070
540794,1949583
540810,6666082
540821,2168625
540822,396143
540823,7002
540824,228957
540831,88239
540832,85827
540833,14267
540834,3865
550110,12480
550120,540864
550130,8894
550190,115
550210,711785
550290,18281
550319,91
550320,209557886
550330,755776
550340,142
550390,14623838
550410,413937588
550490,105796
550510,2809752
550520,255501
550610,54276
550620,620
550630,251699
550690,13262
550810,9022884
550820,2964
550911,386817
550912,205269
550921,174535843
550922,38000779
550931,9098426
550932,63410827
550941,587338
550942,466053
550951,88995683
550952,1
550953,87648408
550959,733119
550961,4989200
550962,553800
550969,13712489
550992,325
550999,88519
551011,239138324
551012,17045554
551020,3
551030,6275231
551090,5595212
551110,14482
551120,12753
551130,70841
551211,5498319
551219,329972
551221,641
551229,54305
551291,165
551299,98198
551311,34429124
551312,8882701
551313,2155195
551319,31318
551321,7066941
551323,828248
551329,246291
551331,153090
551339,40163
551341,1461
551349,454428
551411,3433635
551412,11790312
551419,164517
551421,314886
551422,6239180
551423,26414
551429,82978
551430,20751
551449,1761
551511,30358488
551512,27578184
551513,52306
551519,3013642
551521,19477
551529,457
551591,4
551599,217025
551611,19665746
551612,1049475
551613,173463
551614,644105
551621,1784018
551622,82661
551623,222366
551624,17619
551631,18284
551641,344986
551643,22500
551644,15085
551691,524507
551692,37517
551693,4104
560121,473878
560122,35205663
560129,10961
560130,5987975
560210,3864914
560221,1001
560229,645
560290,1075804
560311,16978769
560312,34724433
560313,2022612
560314,682479
560391,8601526
560392,24057437
560393,158390
560394,3602070
560410,312684
560490,970087
560500,616172
560600,476057
560721,48
560729,2318897
560741,21751
560749,2063589
560750,2324945
560790,1104815
560811,13069024
560819,397960
560890,66114
560900,3494978
570110,135971
570190,105096
570210,81970
570220,26356
570231,18
570232,16059
570239,47399
570241,20632
570242,17295821
570249,105664
570250,7903
570292,269423
570299,31747
570310,258782
570320,4883148
570330,10694211
570390,181776
570490,718981
570500,12015486
580110,13718
580122,24536
580127,2135
580136,7292
580137,1061266
580190,10360
580219,61421
580220,4056
580230,7040
580300,1324617
580410,843851
580421,2870949
580429,44501
580430,66456
580500,1321
580610,845325
580620,16805608
580631,30619
580632,2440014
580639,2320570
580640,26
580710,382146
580790,351592
580810,17306
580890,62405
580900,1411
581010,115706
581091,929870
581092,1321310
581099,819986
581100,51109
590110,384919
590190,390062
590210,34237893
590220,21653676
590290,149
590310,4394656
590320,16875432
590390,2226975
590490,0
590500,76942
590610,8637173
590691,10597
590699,4276242
590700,25917
590800,209234
590900,937
591000,331127
591110,48788
591120,2922114
591131,35379
591140,10167
591190,8366214
600110,4732602
600121,5109627
600122,4105392
600129,113732
600191,1607
600192,1752782
600199,124314
600240,237
600290,1623440
600320,123030
600330,5481
600390,45119
600410,18371571
600490,8725396
600521,779275
600522,1386253
600523,1320
600524,1479
600535,42486
600536,2403767
600537,1076978
600538,1056704
600539,1286
600542,28
600590,2742644
600610,35644
600621,1663366
600622,28877283
600623,459463
600624,589955
600631,10470520
600632,7456113
600633,5398835
600634,866823
600641,18973
600642,528124
600643,62537
600644,175
600690,8265640
610120,34746370
610130,16119939
610190,22285491
610210,850124
610220,46012265
610230,21024166
610290,6679103
610310,1895713
610322,5781643
610323,1930795
610329,10663859
610331,7339
610332,17765670
610333,5663383
610339,16515857
610341,39086
610342,135223792
610343,53250856
610349,21668107
610413,2082598
610419,6565615
610422,2243601
610423,562478
610429,1864200
610431,159111
610432,16551784
610433,9851489
610439,4593471
610441,1867620
610442,48168502
610443,44424539
610444,4222135
610449,63371064
610451,21738
610452,7395804
610453,14419603
610459,3613423
610461,37617
610462,273061477
610463,139167952
610469,46968872
610510,54610581
610520,42390640
610590,16185513
610610,55453956
610620,26750670
610690,17069965
610711,12902777
610712,16973116
610719,16636747
610721,2313807
610722,582416
610729,158474
610791,6387639
610799,405422
610811,2041147
610819,6409247
610821,13357693
610822,58587307
610829,20382293
610831,11836277
610832,16921775
610839,917664
610891,5780101
610892,9187580
610899,512786
610910,206970988
610990,231387295
611011,5131451
611012,86542
611019,5641341
611020,532825883
611030,236830554
611090,99627289
611120,107612602
611130,20946348
611190,6740140
611211,2000806
611212,10544579
611219,1560875
611220,93351
611231,3855286
611239,17060494
611241,81032138
611249,2296628
611300,11289786
611420,17182836
611430,25347785
611490,4541543
611510,22321
611521,249034
611522,440823
611529,32923609
611530,20139
611594,1191
611595,59733184
611596,5000028
611599,8252676
611610,13009866
611691,242223
611692,1086765
611693,39677034
611699,15662748
611710,12316891
611780,6683490
611790,70003
620111,6234984
620112,6041343
620113,90548703
620119,136869405
620191,180096
620192,22390951
620193,149777103
620199,18957687
620211,3443907
620212,1696177
620213,42874568
620219,11212986
620291,1749
620292,2305258
620293,94713145
620299,5951935
620311,14668491
620312,10134316
620319,60042034
620322,370847
620323,1440
620329,335208
620331,7180480
620332,23385912
620333,26606904
620339,66422976
620341,3954972
620342,215104134
620343,168554092
620349,42419847
620411,46520
620412,7516432
620413,5537266
620419,14964578
620421,79311
620422,42855
620423,608731
620429,2708056
620431,6071918
620432,16802397
620433,20100500
620439,5417807
620441,244589
620442,57646641
620443,128601139
620444,81192604
620449,35665614
620451,1799718
620452,17799851
620453,21810890
620459,21091678
620461,2144294
620462,176265798
620463,115621712
620469,135650139
620520,191454342
620530,81658057
620590,26383561
620610,7490907
620620,187066
620630,68615109
620640,312732593
620690,44350712
620711,12159714
620719,325599
620721,3103918
620722,165413
620729,113734
620791,2048361
620799,7452449
620811,7480655
620819,6510691
620821,9292378
620822,24931728
620829,2532365
620891,1415488
620892,4685012
620899,670390
620920,37737536
620930,11062464
620990,5184300
621010,13335733
621020,2669340
621030,1169471
621040,14677530
621050,102167002
621111,10951365
621112,16783694
621120,1124512
621132,5299621
621133,42461954
621139,9438183
621142,8520031
621143,65673850
621149,5987993
621210,288875930
621220,1603571
621230,4201190
621290,7512197
621320,2276
621390,84960
621410,209448
621420,111944
621430,342315
621440,166257
621490,531828
621510,970
621520,119394
621590,2800
621600,46713560
621710,5265070
621790,282844
630110,8963266
630120,20038
630130,283568
630140,1052863
630190,1200016
630210,6317003
630221,150476
630222,335884
630229,53350
630231,465480
630232,339609
630239,123927
630240,4782
630251,49857
630253,38230
630259,5636169
630260,19783240
630291,619605
630293,1191
630299,20071
630312,2820401
630319,299529
630391,80761
630392,6232066
630399,17958834
630411,4752
630419,153289
630420,4911
630491,929281
630492,318929
630493,139640
630499,530177
630510,407098
630520,1061857
630532,27587735
630533,37116831
630539,668672
630590,251830
630612,456913
630619,128387
630622,5539
630629,132212
630630,10815
630640,67819
630690,6863047
630710,6013937
630720,1988248
630790,152490155
630800,32873
630900,1900554
631010,1597904
631090,339892
640110,335379
640192,6480531
640199,182256
640212,2352674
640219,216530122
640220,32603953
640291,7283216
640299,155376353
640312,284208
640319,1516695762
640320,1296284
640340,70755065
640351,117691
640359,24534125
640391,88262520
640399,529156581
640411,1593682624
640419,451128744
640420,352480
640510,11584269
640520,190103
640590,9740671
640610,63621920
640620,9113964
640690,12834643
650100,353026
650200,184878
650400,943322
650500,35398182
650610,19529156
650691,68366
650699,4872585
650700,1422385
660110,1078221
660191,6546
660199,126909
660200,245121
660320,826
660390,160634
670100,165213
670210,73735
670290,672557
670300,2073896
670411,132676962
670419,63197126
670420,112849625
670490,78878633
680100,3827212
680210,3609664
680221,3827570
680223,11120
680229,11698301
680291,2564185
680292,650711
680293,1092006
680299,17911611
680410,13697466
680421,5281518
680422,76036
680423,351884
680430,157025
680510,1599976
680520,450582
680530,392536
680610,7389336
680690,314541
680790,1036590
680800,1618091
680911,5469313
680919,77891
680990,123952
681011,580187
681019,6724116
681091,477064
681099,10212548
681140,1321211
681181,1734129
681182,16857764
681189,924142
681280,4151
681291,57763
681293,7107
681299,76790
681320,26069
681381,2605302
681389,2461565
681410,1079
681490,73503
681510,1529096
681520,9295
681591,101041
681599,2730518
690100,550045
690210,27077
690220,156040
690290,773054
690310,648
690320,4135
690390,1070036
690410,10238
690490,635961
690510,304752
690590,18694
690600,81
690721,28873713
690722,12542546
690723,22664496
690730,12497
690740,2541313
690911,24613678
690912,19220
690919,71801699
690990,376593
691010,25324613
691090,859779
691110,53535214
691190,633927
691200,14710341
691310,693657
691390,3106683
691410,5095309
691490,3757014
700210,80
700231,27257
700232,81512
700239,246094
700312,163266
700319,78944
700330,5319
700420,127611
700490,223904
700510,34500678
700521,105055776
700529,8902330
700530,161376
700600,515888
700711,4582428
700719,1172932
700721,8940558
700729,1393077
700800,841849
700910,2155769
700991,9966628
700992,8334464
701010,2653484
701020,23836
701090,28784402
701110,5769
701120,27090
701190,6
701310,541924
701322,6048
701328,1457816
701333,17570
701337,1153297
701341,1904
701342,120939
701349,23466479
701391,3176
701399,9614553
701400,3498
701510,60504
701590,6481
701610,162465
701690,10586367
701710,900
701720,1233389
701790,2497770
701810,201836
701820,259
701890,98696
701911,17411
701912,19753
701919,91104
701931,2031141
701939,24682
701940,1061112
701951,385
701952,101112
701959,40386
701990,2153102
702000,2578165
710121,38086883
710122,2227636
710229,154544
710310,121195
710391,148108
710399,5857
710420,45
710490,123861
710510,0
710590,5
710610,7461672
710691,108360620
710700,40
710812,5541877857
710900,20
711039,1
711041,50
711230,1034059
711291,73446880
711292,5644854
711299,977853478
711311,66642230
711319,1380758700
711320,198755
711411,603759
711419,2473
711420,3109
711510,7205
711590,14255
711610,10826
711620,211327
711711,4092585
711719,9990338
711790,3430532
711810,34488
720110,31534839
720150,129341414
720221,1901227
720230,4176521
720260,4738860405
720291,694
720299,59034
720310,2486275
720390,859
720410,299056
720421,48765491
720441,1
720449,365608
720510,11760
720521,5034
720529,119779
720610,74
720690,161562
720711,297285983
720712,116512990
720719,825766
720720,14476
720810,28080
720825,66385
720826,2003244
720827,3662966
720836,9254055
720837,26474364
720838,12162353
720839,6952980
720840,6991
720851,369940469
720852,98403760
720853,511253
720854,158318
720890,523076
720916,1758249
720917,728405
720918,319969
720925,86113
720926,125903
720927,415995
720928,682412
720990,1228
721011,7873
721012,1234311
721020,23366
721030,1260092
721041,1192
721049,16707601
721050,11699304
721061,2932101
721069,22
721070,14340
721090,641226
721113,180
721114,49171
721119,101227
721123,44704
721129,90
721190,26112
721210,25
721220,10786
721230,401206
721240,17191
721250,298298
721260,80217
721310,1421490
721320,115538
721391,165723562
721399,1180865
721410,4908193
721420,14376734
721430,14537
721491,80
721499,2852381
721510,190200
721550,7564
721590,13603
721610,10111
721621,145369
721622,644326
721631,24106
721632,2324234
721633,165144
721640,11160
721650,94214
721669,82052
721691,912
721699,445412
721710,2978758
721720,10124558
721730,8218590
721790,37610
721810,95192
721891,227849781
721899,1402966719
721911,19709066
721912,507977799
721913,1080326033
721914,284934459
721921,17617
721922,765316
721923,3396
721931,3178723
721932,222963135
721933,653228001
721934,200172622
721935,18714201
721990,966838
722011,951
722012,8263455
722020,1931742
722090,23972658
722100,82333
722211,2009
722219,1112398
722220,212476
722230,373818
722240,239340
722300,15060570
722490,119946
722511,757922
722519,38293
722530,17948
722540,555487
722550,180472
722591,10609
722592,3466817
722599,19602
722611,1062385
722619,655045
722620,60800
722692,55083
722699,180978
722710,826560
722720,95432
722790,111861
722810,179073
722830,3288982
722840,36224
722850,137662
722860,18072
722870,4366
722880,790
722920,496
722990,15908235
730110,1833942
730120,4425844
730210,177727
730240,177785
730290,881978
730300,1452280
730411,551855
730419,22745144
730422,1119361
730423,18847869
730424,71603627
730429,135493536
730431,188302
730439,39239
730441,46307
730449,193835
730451,114135
730459,6440754
730490,1458356
730511,4218422
730512,1268513
730519,4103741
730520,5158235
730531,2504344
730590,4697
730611,503875
730619,434021
730621,502
730629,57137
730630,18608972
730640,2467286
730650,1703585
730661,1356582
730690,795179
730711,2547474
730719,19502252
730721,3740405
730722,2588579
730723,3291986
730729,4504836
730791,5871697
730792,4763702
730793,3857522
730799,48343678
730810,18506784
730820,74650976
730830,409950
730840,42124943
730890,139314867
730900,4419749
731010,692379
731021,2335522
731029,4306594
731100,2441323
731210,86722991
731290,21488509
731300,2008632
731412,59928
731414,83174
731419,25747
731420,174731
731431,324
731439,5826
731441,4655363
731442,1021092
731449,606171
731450,39
731511,379600
731512,44452
731519,8198
731520,7507
731581,5669291
731582,11405
731589,252382
731590,10616388
731600,1789016
731700,1396845
731811,291332
731812,151043
731813,19774
731814,453033
731815,50517567
731816,15107316
731819,955053
731821,1206565
731822,2835049
731823,132722
731824,552733
731829,4344785
731940,692279
731990,117987
732010,55023016
732020,4949905
732090,3016088
732111,5642573
732112,211925
732119,204605
732181,135
732182,8227
732189,16252
732190,1021024
732211,1227
732219,14508
732290,22186
732310,717780
732391,587987
732392,943690
732393,13489915
732394,10562410
732399,6417499
732410,756062
732421,24040
732429,181072
732490,396111
732510,821146
732591,201
732599,7663099
732611,6471408
732619,77247248
732620,31575913
732690,49724969
740100,5796921
740311,1215518778
740319,6053634
740321,28971239
740322,6624952
740329,477666
740400,197543153
740610,504
740710,30786281
740721,50948545
740729,331365
740811,126976686
740819,196041413
740821,9000011
740822,4843
740829,5179718
740911,7137
740919,153919
740921,2606219
740929,233557
740931,33053
740939,170295
740940,221
740990,51297
741021,1129
741022,117791
741110,1833256
741121,18729
741122,899
741129,55345
741210,891
741220,6203273
741300,74705
741510,553283
741521,5547
741529,57707
741533,301577
741539,181286
741810,777191
741820,67842
741910,6554
741991,517063
741999,502887
750110,764413238
750300,3224094
750512,2365
750522,154788
750610,8652
750620,73675
750712,26616556
750720,3465
750890,13922849
760110,100763975
760120,172531917
760200,14734306
760310,12480
760320,164289
760410,4806915
760421,16322007
760429,121238306
760511,10651464
760519,1050077
760529,1213378
760611,13684774
760612,1467965
760691,40371
760692,2253281
760711,30844613
760719,2500673
760720,7512787
760810,5698
760820,9397595
760900,1020683
761010,11402594
761090,11174532
761100,58678
761210,640881
761290,23566932
761300,1315691
761410,3654984
761490,25040826
761510,9887737
761520,80441
761610,798881
761691,4698
761699,10266155
780110,2766660
780191,2215160
780199,1660464
780411,3840
780419,282045
780600,2659778
790112,1394070
790120,1770777
790200,8310874
790310,6151987
790390,138902
790400,217
790500,946393
790700,3279887
800110,1114844788
800120,1
800300,15133649
800700,128816
810196,14442
810197,1514522
810199,218
810296,15
810297,172439
810330,4549946
810390,83
810420,562933
810830,249050
810890,51815
811010,1429671
811219,83
811299,2
811300,19301
820110,1491
820130,10313
820140,4880
820150,933
820160,145
820190,95062
820210,43098
820220,14435
820231,504924
820239,3153616
820240,272
820291,1142
820299,12950041
820310,1229334
820320,171097
820330,39522
820340,38201
820411,240323
820412,52151
820420,141206
820510,70202
820520,218843
820530,6910
820540,69456
820551,19127
820559,1074242
820560,1492
820570,564833
820590,211043
820600,339911
820713,178151
820719,3281565
820720,1903443
820730,6005940
820740,276467
820750,5629338
820760,59202
820770,10501335
820780,7848
820790,13398571
820810,76478
820820,7738591
820830,2680
820840,39927
820890,1435142
820900,877363
821000,73937
821110,562
821191,576219
821192,30799
821193,47947
821194,3579
821195,3337
821210,160727
821220,97410
821290,1544
821300,9116
821410,76693
821420,7422
821490,134878
821510,477
821520,624927
821591,13831
821599,15454791
830110,91576
830120,5977203
830130,17091
830140,219981
830150,37908
830160,5139923
830170,672644
830210,1770528
830220,177239
830230,7278477
830241,16212359
830242,6274853
830249,1534337
830250,1806329
830260,2119153
830300,6245942
830400,329911
830510,8651
830520,68775
830590,49901
830610,710976
830621,245298
830629,9427482
830630,700886
830710,1680585
830790,174750
830810,686952
830820,4018
830890,2064468
830910,497312
830990,8831974
831000,260249
831110,11591240
831120,126495
831130,16001
831190,445766
840110,18200
840211,6123
840212,1263044
840219,1489898
840220,626600
840290,1929829
840310,1135712
840390,7453336
840420,7266103
840490,28907
840590,68138
840681,20000
840682,25
840690,10232850
840710,5505101
840721,604026
840729,2413019
840732,162159605
840733,17792608
840734,202795988
840790,328842
840810,1998034
840820,6659681
840890,31390620
840910,635499
840991,173448967
840999,195811932
841011,89922
841090,10921
841112,872500
841121,348970
841122,123867
841181,187046
841182,2954841
841191,5370567
841199,89852948
841210,10100
841221,11834245
841229,2418647
841231,664005
841239,389257
841280,57286
841290,4333636
841311,31148
841319,538003
841320,1143194
841330,33631308
841340,11024
841350,451457
841360,202452
841370,7991990
841381,16440635
841382,11135
841391,30005715
841392,16948
841410,140931
841420,161193
841430,3072789
841440,1515140
841451,2855508
841459,12117403
841460,1912451
841480,168126842
841490,12080532
841510,72252663
841520,685223
841581,190130
841582,81711
841583,75191
841590,25326769
841610,14220
841620,162201
841630,41275
841690,39518
841710,2560429
841720,1217434
841780,618916
841790,224699
841810,280407261
841821,17567354
841829,50912
841830,228022
841840,7040621
841850,7360908
841861,4110
841869,6426933
841891,193352
841899,82660934
841911,234813
841919,381247
841920,34890
841931,569833
841939,3941235
841940,1384004
841950,515476
841960,102778
841981,12267359
841989,19675450
841990,4882110
842010,24698
842091,4763
842099,128557
842112,4275
842119,895496
842121,3935516
842122,207020
842123,96963020
842129,4590677
842131,44999679
842139,10369418
842191,121559
842199,10287959
842211,6725
842219,34105
842220,4498
842230,7258575
842240,11921383
842290,2034127
842310,22219
842320,7313
842330,33328
842381,10252974
842382,124677
842389,193200
842390,1522930
842410,7824
842420,1288137
842430,523598
842441,1631404
842449,7351
842482,5493
842489,3464685
842490,4661316
842511,77803
842519,188618
842531,1224407
842539,5857741
842541,30121
842542,1688368
842549,261587
842612,3513823
842619,2954664
842630,1887
842641,1991956
842649,1183819
842691,20807
842699,741381
842710,249724
842720,771175
842790,4205155
842810,33690
842820,1305616
842832,361481
842833,123987
842839,401438
842840,614
842860,15000
842890,1568105
842911,5256349
842919,2567485
842920,2134420
842930,59
842940,20299750
842951,1225887
842952,191355885
842959,6257539
843010,8451002
843039,25899
843041,272554
843049,2546458
843050,667290
843061,28676
843069,10420
843110,6498128
843120,1923264
843131,444368
843139,3476617
843141,4111064
843142,453107
843143,31013992
843149,138799463
843210,11489
843229,2085
843231,50
843239,3452
843280,384051
843290,2339043
843311,2990
843319,277
843320,923
843340,161
843351,208424
843352,8368
843359,1288
843360,14725
843390,185150
843420,42620
843490,23119
843510,12464
843590,498
843610,39380
843621,2185
843629,169759
843680,293619
843691,19461
843699,86560
843710,81757
843780,231431
843790,1211573
843810,1459446
843820,1258163
843830,51
843850,799516
843860,60502
843880,334819
843890,1780860
843930,15424
843991,234079
843999,4090656
844010,146659
844110,368625
844120,102
844140,382892
844180,150596
844190,117542
844230,137228
844240,118406
844250,275897
844311,1022095
844312,405
844313,792278
844314,31873
844315,1940
844316,13090
844317,40
844319,1277538
844331,973986714
844332,236637468
844339,189241
844391,101875302
844399,151217313
844400,2739
844511,441866
844512,3900
844519,20623
844530,25689
844540,284325
844590,167521
844610,63500
844630,1690234
844711,35531
844712,120495
844720,3428131
844790,164496
844811,51409
844819,94268
844820,4033900
844832,135167
844833,33375
844839,55818
844842,370328
844849,3425411
844851,6073
844859,68076
844900,161567
845011,7993012
845012,665858
845019,12447
845020,5316493
845090,363119
845110,35253
845121,2640
845129,90985
845130,61017
845140,200
845150,16400
845180,544841
845190,47447
845210,68252
845221,775305
845229,526121
845230,17981
845290,438466
845310,95202
845320,823602
845380,42554
845390,25102
845410,3689
845420,567552
845430,131639
845490,1013927
845522,20000
845530,25419
845590,1378
845611,680812
845620,13388
845630,6
845640,540731
845650,20000
845690,184192
845710,700415
845720,110579
845811,30583
845819,532000
845891,331373
845899,35519
845910,14184
845929,41144
845931,1680
845939,3664
845941,84321
845949,40098
845959,10012
845961,16625
845969,477917
845970,217291
846019,166853
846022,301
846023,5829
846029,85735
846031,58780
846039,261
846040,26132
846090,38105
846120,62205
846130,180
846140,42324
846150,24246
846190,601964
846210,555284
846221,705622
846229,881479
846231,6138
846239,522581
846241,168850
846249,80137
846291,513059
846299,145587
846310,4487
846320,57496
846330,50332
846390,43182
846410,749
846420,7150
846490,15061
846510,56587
846520,211099
846591,1405047
846592,1023348
846593,56206
846594,1265202
846595,53700
846596,12810
846599,562001
846610,1637455
846620,1459460
846630,242665
846691,108386
846692,228729
846693,1995448
846694,1311582
846711,27940
846719,5244992
846721,66520
846722,47263
846729,4284999
846781,85041
846789,975571
846791,255518
846792,8903
846799,212018
846820,23253
846880,20698
846890,3718406
847010,38342
847021,60
847029,588
847030,152195
847050,6143140
847090,19089618
847130,4436572
847141,100926235
847149,1502913
847150,4217415
847160,43588367
847170,3572595
847180,2241194
847190,81785868
847210,4852
847230,14
847290,1111313
847321,19489
847329,504885
847330,213420031
847340,8006534
847350,2844010
847410,1555849
847420,400100
847431,1642156
847432,41358
847439,169616
847480,26078
847490,94930388
847529,5492
847590,306938
847621,6814556
847629,200
847689,7640
847690,11866642
847710,5555361
847720,89410
847730,923712
847740,62220
847759,75848
847780,2810004
847790,1979985
847810,17055676
847890,2167123
847910,859106
847920,167682
847930,65682
847940,223943
847950,2417782
847960,197972
847971,9141000
847979,41025
847981,206334
847982,840717
847989,37742587
847990,14636648
848010,951785
848020,880283
848030,2150195
848041,2153581
848049,5638744
848050,28766
848060,2179943
848071,14418162
848079,8319351
848110,9060483
848120,1793965
848130,29146253
848140,1468722
848180,38139079
848190,14363052
848210,131453774
848220,835950
848230,113208
848240,122956
848250,244888
848280,1887695
848291,14143018
848299,3464585
848310,54384220
848320,138356
848330,7916194
848340,29635686
848350,11090130
848360,2950559
848390,30233942
848410,12806279
848420,23813038
848490,2899041
848610,2088240
848620,1365176
848630,21388
848640,4128521
848690,1740833
848710,265454
848790,4352571
850110,153295053
850120,102485
850131,32216818
850132,124740
850133,35456
850134,2585
850140,185580
850151,90462
850152,141311
850153,112570
850161,30241
850164,72800
850211,4477965
850212,166863
850213,2492959
850220,5110992
850239,469048
850240,19211
850300,28414340
850410,6994
850421,3248946
850422,17923016
850423,33073964
850431,15176472
850432,130439
850433,152640
850434,5515465
850440,181493325
850450,58923822
850490,34327737
850511,16462500
850519,538684
850520,87374
850590,6348228
850610,137045081
850630,58092
850640,9793537
850650,191143116
850660,401042
850680,118611286
850690,16830896
850710,128906455
850720,7544867
850730,78435
850740,1000
850750,1062693
850760,4413624
850780,28639162
850790,17486858
850811,5785312
850819,14362
850860,465990
850870,3339750
850940,5609673
850980,72147832
850990,7759892
851010,91767505
851020,112949635
851030,7116
851090,34123442
851110,25111229
851120,4616835
851130,2748870
851140,15701236
851150,6970269
851180,1797312
851190,22557275
851210,12414
851220,48215284
851230,30834236
851240,6992339
851290,85264574
851310,7202085
851390,84931
851410,345247
851420,32063
851430,59166
851440,114492
851490,144279
851511,6255
851519,286351
851521,13055
851529,57473
851531,1583331
851539,1447070
851580,378703
851590,1998808
851610,1272440
851621,949
851629,412169
851631,4128
851632,11007
851633,5
851640,111771377
851650,54853
851660,17090360
851671,164569671
851672,6206
851679,5006924
851680,1198193
851690,17092893
851711,32810736
851712,414254976
851718,29298804
851761,691091
851762,831358667
851769,118140881
851770,113192699
851810,1083992
851821,42545934
851822,47860078
851829,51424995
851830,23504528
851840,18040217
851850,18750383
851890,31246823
851920,21596
851930,6132
851950,500
851981,249827
851989,16921
852110,6394
852190,11903661
852210,9514669
852290,137546586
852321,413385
852329,2416982
852341,204160
852349,2688307
852351,944688
852352,5628011
852359,289533
852380,314481
852550,47535
852560,117983
852580,96455799
852610,430566
852691,60300983
852692,119280
852712,8179107
852713,3536997
852719,10060408
852721,76648752
852729,30911787
852791,125519
852799,3071
852842,242076
852849,274725
852852,51422143
852859,49568736
852862,84764
852869,224510
852871,154314050
852872,691055122
852873,143205
852910,3810715
852990,122258266
853080,26250
853090,128019
853110,49622932
853120,138320912
853180,13012591
853190,2741446
853210,11223
853221,169608317
853222,177752280
853223,10459599
853224,1272924
853225,1901240
853229,137875892
853230,443282
853290,10380119
853310,225263
853321,92626808
853329,11697864
853331,941
853339,2360
853340,13200187
853390,502165
853400,29512588
853510,112248
853521,266936
853529,768786
853530,487448
853540,2232549
853590,4197219
853610,1933854
853620,9887753
853630,13091664
853641,48413576
853649,69398891
853650,140982126
853661,13517
853669,34565323
853670,7723270
853690,156359114
853710,217521393
853720,73776657
853810,2039502
853890,81071284
853910,1151421
853921,117186
853922,44934
853929,1240453
853931,610105
853932,9599
853939,304254
853941,32679390
853949,827914
853950,1601509
853990,225854
854011,1503
854020,1417
854040,1165
854060,1
854071,3445
854081,267948
854089,12821
854091,10683
854099,48233
854110,4132741
854121,579582
854129,5483128
854130,1619
854140,61000320
854150,34404137
854160,49898871
854190,2243541
854231,71029878
854232,5846536
854233,1151196
854239,151143149
854290,44892108
854310,1664
854320,22804
854330,121811
854370,117758622
854390,89251962
854411,149115469
854419,13920248
854420,28585727
854430,830670986
854442,133976356
854449,149197096
854460,8256971
854470,4366744
854511,15694
854519,4459967
854520,120611
854590,3157269
854610,35591
854620,101422
854690,2176125
854710,6506
854720,2889894
854790,108190
854810,94695
854890,10402356
860290,13221294
860390,18756334
860400,1000
860500,41053867
860610,276100
860712,4301
860719,12750035
860721,7633
860729,1940
860730,13413
860799,4620959
860800,39066
860900,4163096
870110,333935
870120,47951
870130,212683
870191,100279
870192,54668035
870193,6520656
870194,50000
870195,100746
870210,8393126
870220,20020
870290,20104
870310,784825
870321,170782915
870322,1342438268
870323,1170240367
870324,2278045
870331,19850
870332,1765488
870333,229756
870340,367681
870350,45248
870390,222196
870410,39315544
870421,48483579
870422,20397967
870423,7526
870431,59397238
870432,35000
870490,724095
870510,11542
870520,43942
870530,493735
870540,74996
870590,299354
870600,132754
870710,2443331
870790,18097877
870810,15477280
870821,2455040
870829,145824953
870830,47060583
870840,342066643
870850,170267627
870870,241873147
870880,21187616
870891,77218755
870892,11844739
870893,64693329
870894,22987100
870895,7840491
870899,329071285
870911,1587295
870919,1718541
870990,3689163
871000,262335
871110,7708372
871120,1219936373
871130,123707369
871140,14933
871150,145255
871160,367156
871190,3703191
871200,119740044
871310,102
871390,39354
871410,502366305
871420,10579154
871491,951306
871492,1038926
871493,11019436
871494,2209828
871495,463178
871496,4727636
871499,131606911
871500,104303
871610,326
871620,1000
871639,1818023
871640,427193
871680,759154
871690,2383786
880100,24038
880211,210000
880220,1.00E+05
880310,211246
880320,488591
880330,43684059
880390,1403518
880400,1835
880510,174873
880529,230119
890110,21171880
890120,321762
890190,51419792
890310,3577117
890391,358403
890392,130000
890399,4132349
890400,39622916
890510,2996188
890520,93786089
890590,2504474
890690,4495341
890710,157028
890790,6359364
900110,15995343
900120,16
900130,39513441
900140,329404
900150,31032479
900190,147332
900211,8136531
900219,235140
900220,128023
900290,36766747
900311,817
900319,1183119
900390,267726
900410,158910
900490,181705
900510,37522
900580,103459
900590,1167
900630,466300
900640,2241323
900651,24601
900659,52054
900661,4816
900669,35918
900691,108877
900699,100832
900710,96105
900720,107010
900791,55097
900792,168501
900850,18708
900890,1433
901010,1697
901050,247
901060,37218
901090,1083374
901110,5567
901120,69642
901180,14111
901210,40062
901290,71707
901310,815
901320,136073
901380,207480
901390,16479
901410,2989
901420,59697
901480,1570421
901490,3194
901510,821105
901520,175345
901530,2024381
901540,4903
901580,4532143
901590,3603579
901600,78266
901710,20393
901720,123254
901730,794563
901780,566641
901790,30692
901811,7653
901812,1039291
901813,367112
901819,14142219
901820,8460
901831,21705369
901839,807435
901841,849
901849,1270452
901850,5343814
901890,126639027
901910,6492509
901920,12065074
902000,2587350
902110,157069
902121,785
902129,2502
902131,240386
902139,1543471
902140,8273
902190,4922701
902212,355452
902213,18
902214,1056536
902219,1365887
902221,54149
902229,405
902230,785781
902290,4183682
902300,1064067
902410,67923
902480,568891
902490,45923
902511,129401
902519,24646734
902580,198847
902590,46188
902610,1419068
902620,2783516
902680,4464325
902690,7061757
902710,1038138
902720,230184
902730,280394
902750,3715451
902780,45163768
902790,13022573
902810,2114947
902820,19948741
902830,12330154
902890,1782315
902910,1977292
902920,15825334
902990,11896186
903010,97564
903020,121905
903031,1357683
903032,31785
903033,1144186
903039,615489
903040,290086
903082,1754931
903084,65605
903089,237624
903090,3950945
903110,325809
903120,386298
903141,12487
903149,13435317
903180,20742226
903190,4686602
903210,10800993
903220,50826
903281,101104
903289,29827236
903290,2432175
903300,10510623
910111,407900
910119,1465601
910121,141581
910129,5200740
910191,5
910199,3285243
910211,87574
910212,76093
910219,162016
910221,881557
910229,1210045
910291,17853
910299,2366022
910310,7440
910390,395
910400,4092
910511,369
910519,5881
910521,523
910529,8527
910591,188
910599,4845
910610,10923249
910690,3869973
910700,19479
910819,639
910910,35
910990,10720
911090,4321
911180,383
911190,25464
911220,1465
911290,71
911320,31108
911390,180837
911410,2291
911430,144
911490,45281
920110,68419135
920120,25513444
920190,31519
920210,429938
920290,79335273
920510,514
920590,36199902
920600,8649861
920710,151789418
920790,144158505
920810,3532
920890,27022
920930,362699
920991,17599927
920992,218406
920994,17742128
920999,10988545
930190,34451
930200,2171
930390,1049
930400,82
930591,44
930630,54054
930690,168210
930700,11658
940110,45223
940120,7145644
940130,80240
940140,68619
940152,80179
940153,68826673
940159,23453574
940161,41372819
940169,349045192
940171,12259653
940179,42626615
940180,9660776
940190,53191975
940210,29052
940290,20103730
940310,8339398
940320,54936961
940330,22461605
940340,110622800
940350,174241716
940360,798588132
940370,17513882
940382,1427559
940383,26609314
940389,13033607
940390,38849430
940410,6034794
940421,153769164
940429,144854908
940430,496501
940490,29526349
940510,4909517
940520,1736126
940530,4845228
940540,32851835
940550,1038743
940560,296200
940591,5845
940592,67820
940599,2994246
940610,2022161
940690,7434099
950300,393371734
950420,457314
950430,2427842
950440,149062
950450,278479
950490,150604
950510,4070683
950590,5499239
950611,305
950619,465344
950621,2687416
950629,1917745
950631,38935
950632,22092917
950639,511155
950640,185604
950651,66733
950659,651053
950661,878657
950662,5184306
950669,347150
950670,1378
950691,2009899
950699,8260726
950710,27694018
950720,8152863
950730,213261
950790,12744483
950890,5635
960110,276861
960190,2547576
960200,16959665
960310,24489861
960321,6454057
960329,2599289
960330,45055
960340,16362634
960350,14079
960390,2682321
960400,29035
960500,1351532
960610,3533855
960621,41506
960622,57703
960629,671953
960630,1872419
960711,1750410
960719,3224602
960720,68755175
960810,7250405
960820,5920561
960830,2234323
960840,87406
960850,63084
960860,270703
960891,86837
960899,71706
960910,39799505
960920,1072839
960990,8934410
961000,5823612
961100,48152
961210,15122119
961220,63
961310,316
961320,535
961380,4152832
961390,170260
961400,11944
961511,42275
961519,37062
961590,49940
961610,2209172
961620,196980
961700,257166
961800,1990362
961900,111239171
962000,934285
970110,1742993
970190,3704462
970300,980967
970400,3035
999999,49900588
