commodity_code,trade_value_usd
1,12122823
2,5215826
3,10910304
4,70460719
5,29176520
6,1297287
7,1779355
8,50950567
9,23049025
10,170998102
11,46508405
12,25479318
13,3341862
14,27738
15,707790041
16,9116317
17,64136864
18,7678140
19,243109460
20,11159919
21,381027164
22,130767530
23,343991883
24,54534670
25,87113425
26,1057170
27,2745259321
28,86426041
29,123312044
30,592481639
31,391351453
32,48389043
33,124892912
34,99825021
35,27480279
36,210441
37,5946810
38,203795434
39,771522864
40,131972755
41,14439097
42,30514618
43,1215332
44,29843750
45,315087
46,170425
47,6193686
48,263790961
49,9064044
50,2227452
51,3337940
52,144852359
53,882408
54,237363087
55,746367496
56,263825270
57,3900071
58,132646937
59,52557876
60,128468999
61,25174158
62,31081739
63,52080538
64,61160658
65,2991673
66,3509086
67,2393597
68,51350671
69,92541839
70,84105124
71,1522750
72,1130523649
73,647537201
74,28325257
75,48669
76,129242450
78,1015119
79,3922041
80,1201632
81,51980
82,22917841
83,84334304
84,1756023749
85,1954847832
86,115330794
87,1189495345
88,73696794
89,27964384
90,233780893
91,3856252
92,1164344
94,95618107
95,16975448
96,114610794
97,368715
99,5789238
102,7928
103,4817593
104,78443
105,6652394
106,566463
201,2904
202,3501997
203,438711
204,563194
206,119517
207,568016
209,23
210,21460
301,45488
302,867404
303,7245476
304,486270
305,1253387
306,833188
307,179087
401,2983984
402,39585235
403,10439422
404,5175481
405,3620319
406,6533559
407,2054201
408,13405
409,22504
410,32604
501,16399922
504,4409
505,12758016
506,192
511,13978
601,129920
602,37996
603,1118137
604,11232
701,144604
702,4047
703,316
704,1450
706,2207
709,274011
710,768400
711,60110
712,295655
713,115990
714,112560
801,314888
802,60326
803,29150
804,257599
805,23266958
806,3300869
807,17146
808,20585743
809,226832
810,2649888
811,169796
812,1416
813,65622
814,4330
901,1554610
902,1312557
904,15441852
905,6065
906,2123
907,737089
908,1495513
909,2125064
910,374148
1001,136479724
1003,165208
1004,9529
1005,32478140
1006,1863700
1007,1800
1101,6700681
1102,365659
1103,3278144
1104,515104
1105,277543
1106,14901
1107,29837744
1108,5120302
1109,398322
1201,9327243
1202,974600
1203,99078
1205,155524
1206,805164
1207,4551579
1209,5508914
1210,658198
1211,2816913
1212,582102
1301,254075
1302,3087787
1404,27738
1501,2706
1502,4508
1504,234833
1505,4934
1507,1231813
1509,580304
1511,645251176
1512,42400180
1513,2579412
1514,188208
1515,375074
1516,7308446
1517,7443720
1518,49336
1521,135383
1601,1635827
1602,2045476
1603,39218
1604,4711532
1605,684262
1701,46632910
1702,7111903
1703,1216
1704,10390834
1804,3808
1805,936232
1806,6738100
1901,145219851
1902,11766596
1903,3051433
1904,4245209
1905,78826371
2001,142513
2002,474261
2003,70124
2004,537799
2005,755693
2006,108805
2007,1658503
2008,3279532
2009,4132685
2101,48667599
2102,3797026
2103,27593675
2104,6458514
2105,1881638
2106,292628711
2201,182471
2202,121753829
2203,159982
2204,3146017
2206,40550
2207,41339
2208,5137633
2209,305705
2301,24926788
2302,20355180
2303,11651056
2304,92558417
2305,50020
2306,11516995
2308,46805204
2309,136128220
2401,6735785
2402,1160255
2403,46638629
2501,1691842
2502,7220
2503,5362894
2504,1283332
2505,2712794
2506,1215
2507,642935
2508,1469411
2509,11963
2511,796778
2512,20531
2513,89261
2515,115
2516,40803
2517,350815
2518,25380
2519,279809
2520,3319402
2521,386679
2522,57950
2523,67784334
2524,94636
2525,1121
2526,514135
2528,35098
2529,62570
2530,70388
2601,575
2602,163
2608,39946
2613,50
2614,33200
2618,708963
2619,55
2621,274216
2701,41650195
2704,466791
2705,81500
2706,524192
2707,1125597
2709,60076
2710,2446730659
2711,156620978
2712,25020022
2713,34491308
2714,25566012
2715,3310
2716,12918673
2801,80416
2802,296805
2803,3039767
2804,996544
2805,14514
2806,506778
2807,9239446
2808,568249
2809,977783
2810,160392
2811,2205624
2812,119166
2813,240648
2814,153370
2815,8551216
2816,191497
2817,1359627
2818,8637
2820,299109
2821,330172
2823,9315529
2824,7220
2825,351026
2826,136113
2827,1998302
2828,597073
2829,267078
2830,325682
2831,546397
2832,168974
2833,7202749
2834,146785
2835,4917087
2836,15754949
2837,6060316
2839,3299845
2840,665344
2841,149408
2842,3922254
2843,20911
2844,91370
2846,1550
2847,683879
2849,312356
2850,416
2852,1241
2853,142405
2901,8341753
2902,6139708
2903,2286253
2904,382681
2905,3638939
2906,1784833
2907,273692
2908,79425
2909,411084
2910,1947
2911,120
2912,3068950
2914,2557505
2915,4151311
2916,3005313
2917,5841471
2918,3563732
2919,38649
2920,118992
2921,211745
2922,49377599
2923,1313659
2924,789609
2925,588289
2926,14029
2927,58461
2928,1459404
2929,2790948
2930,7409627
2931,329346
2932,141846
2933,2506028
2934,1348622
2935,157480
2936,2953505
2937,48411
2938,39598
2939,659089
2940,210706
2941,3205325
2942,2012341
3001,1010531
3002,51571522
3003,4194936
3004,476373858
3005,16259626
3006,43071162
3101,10532381
3102,155533139
3103,438040
3104,5441807
3105,219406084
3201,31500
3202,46336
3203,209278
3204,6202519
3205,165783
3206,4068363
3207,877442
3208,12960320
3209,8528788
3210,716389
3211,593321
3212,631896
3213,153010
3214,4616975
3215,8587115
3301,2511791
3302,26225062
3303,773680
3304,40439347
3305,28050286
3306,14299828
3307,12592916
3401,45064664
3402,50601306
3403,2282109
3404,713803
3405,829048
3406,240141
3407,93947
3501,66516
3502,17813
3503,380884
3504,193064
3505,6635075
3506,16517663
3507,3669263
3602,203169
3603,3600
3605,13
3606,3657
3701,2730265
3702,1237599
3703,1206473
3704,71428
3705,42858
3707,658185
3801,2556051
3802,2059108
3804,271998
3805,119402
3806,178477
3808,120935104
3809,1931457
3810,273722
3811,1153608
3812,3545782
3813,752917
3814,10612691
3815,293995
3816,2272930
3817,135644
3819,267158
3820,1929046
3821,850657
3822,22349217
3823,1177913
3824,29593214
3825,535332
3901,108699822
3902,140265756
3903,5365222
3904,66838658
3905,4456460
3906,10993104
3907,58336165
3908,1169527
3909,5630505
3910,3751852
3911,992435
3912,2942356
3913,373848
3914,344683
3915,1826058
3916,1403224
3917,30187691
3918,8967459
3919,31754584
3920,81011132
3921,37250944
3922,771093
3923,47149071
3924,15924718
3925,7798979
3926,97317504
4001,518862
4002,5440773
4003,10159
4004,11394
4005,101710
4006,255129
4007,93998
4008,1510084
4009,2269885
4010,3551621
4011,92378929
4012,232769
4013,6386386
4014,1419635
4015,7498940
4016,10211174
4017,81297
4101,35700
4102,26502
4103,300
4104,8667
4106,4317
4107,3448283
4112,245026
4113,2509393
4114,1247752
4115,6913153
4201,15818
4202,23916130
4203,1967906
4205,4614762
4302,2679
4303,4556
4304,1208096
4401,57539
4402,19367
4404,35011
4405,15584
4407,261865
4408,2663284
4409,85228
4410,1900839
4411,8539033
4412,10825334
4413,105836
4414,308210
4415,991061
4416,16460
4417,10003
4418,1462684
4419,285673
4420,107714
4421,2153016
4501,2542
4503,27081
4504,285464
4601,158610
4602,11814
4701,121538
4703,470382
4704,124
4705,33
4706,64788
4707,5536818
4801,6857336
4802,65696840
4803,2564452
4804,5400018
4805,17031028
4806,426948
4807,180412
4808,4552395
4809,2405678
4810,31654430
4811,13953811
4812,22164
4813,3511992
4814,244930
4816,14322536
4817,253102
4818,8682897
4819,42919356
4820,4771784
4821,25811823
4822,472452
4823,12054568
4901,2174332
4902,186331
4903,76918
4905,2402
4906,3277
4907,1393280
4908,61
4909,20100
4910,45738
4911,5161600
5003,3253
5004,35460
5006,1023
5007,2187716
5101,7345
5105,1686
5106,78571
5107,40
5111,1571323
5112,1678974
5201,967033
5202,6688779
5203,18729
5204,5844902
5205,19563127
5206,806939
5207,7519990
5208,50115765
5209,39654929
5210,10276319
5211,3145565
5212,250277
5301,7
5302,24
5305,71417
5307,572998
5308,29978
5309,69593
5310,98078
5311,40310
5401,8687064
5402,16246210
5403,99381
5404,264684
5406,10219
5407,205878400
5408,6177125
5501,3562157
5502,293724
5503,3807806
5504,4531
5506,1197425
5508,1448186
5509,7295950
5510,21792
5511,916418
5512,23154424
5513,98373726
5514,594541430
5515,7130499
5516,4619420
5601,13859392
5602,156444819
5603,56917163
5604,9833987
5605,22866
5606,5244
5607,19971615
5608,6235078
5609,535101
5701,1527754
5702,1075086
5703,691486
5704,82991
5705,522753
5801,2668245
5802,1569452
5803,91324
5804,10160004
5805,30348
5806,76718621
5807,38258165
5808,2492370
5809,62352
5810,529516
5811,66535
5901,1311789
5902,1905166
5903,39947494
5904,3728087
5905,76301
5906,120312
5907,1007672
5908,751
5909,1448648
5910,783538
5911,2228114
6001,16262417
6002,314984
6003,2649364
6004,5383430
6005,15490675
6006,88368127
6101,15994915
6102,11537
6103,175308
6104,108171
6105,618654
6106,107341
6107,120870
6108,134439
6109,2401952
6110,850377
6111,1012220
6112,893337
6113,44123
6114,392917
6115,317790
6116,279194
6117,1711006
6201,1344979
6202,78491
6203,1457700
6204,1297915
6205,3883531
6206,2246884
6207,1247284
6208,75658
6209,551893
6210,10678165
6211,2100183
6212,2228123
6213,2964
6214,15005
6215,738616
6216,331335
6217,2803005
6301,3023599
6302,1964034
6303,129120
6304,3280007
6305,33299622
6306,636582
6307,9744970
6308,13
6309,2168
6310,418
6401,4546119
6402,3375918
6403,7737668
6404,3008447
6405,4002612
6406,38489891
6501,672147
6502,388
6504,17216
6505,605376
6506,1687758
6507,8785
6601,2042081
6602,26248
6603,1440757
6701,11515
6702,874509
6703,623
6704,1506949
6801,1384234
6802,8462864
6803,2330
6804,4453649
6805,1173545
6806,1015489
6807,689595
6808,11585100
6809,6068975
6810,7205420
6811,7741590
6812,958786
6813,49064
6814,94229
6815,465795
6901,456295
6902,2359708
6903,67111
6904,599482
6905,289202
6906,1635
6907,66093941
6909,156102
6910,11881681
6911,7787127
6912,2149366
6913,383451
6914,316732
7001,54215
7002,18720
7003,1520361
7004,105473
7005,11835213
7006,1101972
7007,4130451
7008,479859
7009,3012886
7010,39402834
7011,18523
7013,7023344
7014,9957
7015,57
7016,8137449
7017,555638
7018,462514
7019,5960797
7020,274852
7104,867860
7106,53435
7108,49800
7113,24
7114,165811
7115,102612
7117,282535
7118,669
7201,3538124
7202,1583499
7203,437
7204,434717
7205,335778
7206,970
7207,174680
7208,44666625
7209,13374480
7210,343921031
7211,304639
7212,3592822
7213,113891932
7214,260899909
7215,4264253
7216,148583582
7217,65357247
7218,106706
7219,12029107
7220,335931
7221,14129
7222,1720589
7223,966750
7225,55056747
7226,2023898
7227,11640430
7228,40720884
7229,983740
7301,10780562
7302,34076354
7303,19475602
7304,53869328
7305,1240456
7306,212998077
7307,10189110
7308,128254146
7309,6624967
7310,9925238
7311,4424298
7312,7291309
7313,645046
7314,7709797
7315,4348476
7316,265742
7317,9697876
7318,39852517
7319,701778
7320,2763916
7321,5712211
7322,16362044
7323,11953277
7324,5425728
7325,3216107
7326,39733227
7401,24133
7402,598875
7403,882882
7406,6958
7407,2087610
7408,17538109
7409,427487
7410,731696
7411,2716647
7412,675113
7413,570437
7415,288271
7418,285339
7419,1491693
7502,6206
7505,10896
7506,24356
7507,19
7508,7190
7601,633150
7603,4259
7604,22809509
7605,3833113
7606,39798235
7607,18748809
7608,251706
7609,29135
7610,19387775
7611,9006
7612,1762618
7613,75921
7614,17345348
7615,1052683
7616,3501176
7801,53651
7804,935198
7806,26270
7901,3331735
7903,13469
7904,465972
7905,39198
7907,71666
8003,45737
8007,1155894
8101,23939
8104,27690
8108,133
8113,216
8201,3545789
8202,1252896
8203,1357739
8204,1812031
8205,4287185
8206,410455
8207,2568811
8208,964498
8209,24440
8210,156904
8211,417308
8212,4310900
8213,330422
8214,682880
8215,795576
8301,3606685
8302,6907396
8303,1217018
8304,44732
8305,904009
8306,331103
8307,1038764
8308,26582978
8309,31875699
8310,135865
8311,11690050
8401,22783
8402,17534807
8403,243979
8404,29015
8405,111039590
8406,3678491
8407,18330097
8408,42814394
8409,13714139
8410,6389003
8411,25249624
8412,6341737
8413,62389738
8414,42735369
8415,88113025
8416,189262
8417,1238706
8418,60232994
8419,30388010
8420,566831
8421,27887097
8422,24650106
8423,2872592
8424,24903705
8425,3787307
8426,28216326
8427,12558414
8428,37658157
8429,236293623
8430,134643028
8431,107879728
8432,22324501
8433,93604223
8434,183991
8435,511581
8436,33555325
8437,24159480
8438,20406695
8439,960662
8440,2346290
8441,7409928
8442,2181450
8443,18711151
8444,196299
8445,1830209
8446,394437
8447,12509997
8448,687178
8449,1290405
8450,13011686
8451,13406651
8452,33982260
8453,7533133
8454,485532
8455,5090550
8456,1185803
8457,191203
8458,964605
8459,3760552
8460,3685863
8461,2962604
8462,8322627
8463,2915466
8464,272792
8465,2967498
8466,2855728
8467,7387956
8468,1413321
8470,2662603
8471,91511326
8472,3557582
8473,2956422
8474,17616675
8475,144130
8476,132982
8477,16623380
8478,3053780
8479,22107869
8480,8786880
8481,29200450
8482,8874316
8483,12245482
8484,3488159
8486,4041101
8487,769260
8501,146426258
8502,429326120
8503,59360786
8504,135760367
8505,2638507
8506,27999499
8507,76127373
8508,1146781
8509,2819106
8510,2565246
8511,2876580
8512,1462531
8513,2760257
8514,2972820
8515,7708604
8516,25394670
8517,526242925
8518,7112890
8519,229845
8521,386483
8522,105897
8523,28040634
8525,3104664
8526,1980409
8527,2770715
8528,42927163
8529,3692167
8530,722602
8531,2945913
8532,1303389
8533,573968
8534,2812310
8535,42818369
8536,39758239
8537,68290097
8538,7354509
8539,14489923
8540,40434
8541,33361545
8542,13125120
8543,10842826
8544,141563662
8545,158463
8546,26825940
8547,3886252
8548,34954
8601,1223
8602,619227
8603,165124
8604,1541598
8606,29520074
8607,74739013
8608,3505317
8609,5239215
8701,145423181
8702,60185276
8703,289197132
8704,154247199
8705,14353123
8706,3580849
8707,9221024
8708,113361702
8709,1655284
8711,333286532
8712,10367100
8713,295926
8714,23310584
8715,251971
8716,30758456
8801,214492
8802,58531321
8803,14944432
8804,1084
8805,5462
8901,11235131
8903,585974
8904,6279794
8905,8628184
8906,1067846
8907,167452
9001,14448103
9002,1080105
9003,766661
9004,5169578
9005,6296746
9006,3661413
9007,567337
9008,13483
9010,297939
9011,2045256
9012,161550
9013,83547
9014,177296
9015,3069354
9016,238544
9017,2226645
9018,89851611
9019,3437418
9020,1059708
9021,914670
9022,22906566
9023,2299851
9024,679318
9025,3583079
9026,6699595
9027,9765989
9028,17139642
9029,618578
9030,4373120
9031,16130216
9032,12950737
9033,1067224
9101,181290
9102,328025
9103,2059734
9105,895563
9106,61948
9107,7782
9108,54432
9109,112
9110,2731
9111,8406
9112,49
9113,57240
9114,198933
9201,128193
9202,169601
9205,42543
9206,207443
9207,515000
9208,12213
9209,89348
9401,11296920
9402,6064822
9403,32791649
9404,3423935
9405,16468896
9406,25571883
9503,8871126
9504,164185
9505,179701
9506,7530857
9507,136957
9508,92620
9601,121998
9602,855297
9603,8443739
9604,8437
9605,47287
9606,31151710
9607,35275526
9608,4548191
9609,3831550
9610,117433
9611,62829
9612,277666
9613,306634
9614,250
9615,984645
9616,150315
9617,1962144
9618,51651
9619,26224766
9620,188716
9701,7679
9703,20774
9704,50002
9705,290259
9999,5789238
10221,7928
10310,778742
10391,2135632
10392,1903219
10410,17618
10420,60825
10511,3867168
10512,669233
10513,378849
10594,65000
10599,1672142
10619,536572
10639,29890
20120,43
20130,2860
20220,250473
20230,3251524
20319,25739
20329,412971
20423,18038
20430,22887
20442,448397
20443,66683
20450,7188
20621,8294
20622,52480
20629,46327
20690,12415
20712,169713
20713,3182
20714,113347
20727,68188
20742,89969
20745,123615
20910,23
21011,2937
21019,18523
30111,7628
30119,869
30193,5800
30199,31190
30211,2769
30213,9244
30214,18725
30219,1700
30224,3828
30239,17576
30244,5569
30272,50037
30289,754785
30299,3165
30313,3736700
30314,40885
30319,835344
30326,1946953
30349,14179
30354,15819
30359,18527
30363,144
30369,238905
30381,28511
30389,305189
30399,64313
30439,4505
30442,379
30449,59346
30452,17199
30462,135027
30469,40043
30481,77352
30487,34665
30499,117749
30510,139921
30520,810090
30539,541
30541,2099
30549,641
30551,39
30559,136515
30569,343
30572,162700
30579,494
30612,37837
30614,272989
30617,68966
30631,3117
30632,3126
30636,434763
30639,2931
30695,9457
30711,30504
30712,78
30721,2454
30722,4739
30729,220
30731,32514
30732,25979
30749,31
30752,35050
30760,40886
30772,6628
40110,894784
40120,807753
40140,412518
40150,868927
40210,10077912
40221,23769749
40229,1241917
40299,4495655
40310,7332182
40390,3107240
40410,5138387
40490,37094
40510,2796742
40520,25159
40590,798417
40610,837253
40620,839227
40630,811212
40640,5443
40690,4040423
40711,640170
40729,1411931
40790,2099
40811,13405
40900,22504
41000,32604
50100,16399922
50400,4409
50510,5145231
50590,7612784
50690,192
51110,7720
51199,6258
60110,101582
60120,28338
60210,33705
60290,4290
60312,578976
60314,3
60315,492980
60319,375
60390,45802
60420,11232
70110,115804
70190,28800
70200,4047
70320,316
70490,1450
70610,154
70690,2052
70951,1487
70959,255589
70960,16277
70992,121
70999,534
71010,411180
71021,128832
71022,20938
71029,9791
71030,5569
71040,28259
71080,40209
71090,123618
71120,31298
71151,20624
71190,8186
71220,43601
71239,25626
71290,226428
71310,59668
71333,31098
71335,528
71360,24695
71410,15128
71420,94402
71440,2525
71490,504
80111,7908
80119,306929
80131,50
80211,16
80212,40368
80232,1797
80252,5483
80280,9210
80290,3448
80390,29150
80410,156601
80430,6084
80440,4981
80450,89932
80510,23076016
80521,55998
80540,86973
80550,47970
80610,3091030
80620,209838
80711,9818
80719,7327
80810,18602452
80830,1983290
80929,143039
80930,67317
80940,16476
81010,76686
81020,1349
81040,63333
81050,218066
81060,10714
81070,3520
81090,2276218
81110,44214
81120,8573
81190,117008
81290,1416
81340,64405
81350,1216
81400,4330
90111,360652
90112,34993
90121,122664
90122,296
90190,1036002
90210,25976
90220,92639
90230,309048
90240,884892
90411,9196670
90412,112417
90421,6118089
90422,14675
90520,6065
90611,2123
90710,527838
90720,209250
90811,317846
90812,74249
90821,202002
90822,18000
90831,466456
90832,416959
90922,14336
90931,1252287
90932,545376
90961,294974
90962,18090
91011,275
91020,3
91030,768
91091,62195
91099,310906
100199,136479724
100310,134398
100390,30810
100410,7
100490,9522
100510,31792021
100590,686119
100610,51046
100620,132300
100630,1409238
100640,271115
100710,1800
110100,6700681
110220,13643
110290,352016
110311,2630222
110313,186289
110319,4923
110320,456708
110412,157674
110419,332528
110423,21800
110429,3102
110510,275116
110520,2427
110620,1
110630,14900
110710,25429086
110720,4408658
110811,19227
110812,1542338
110813,164112
110814,998914
110819,2393856
110820,1852
110900,398322
120110,8838691
120190,488551
120230,974600
120300,99078
120510,80364
120590,75160
120600,805164
120721,438994
120740,4089263
120750,13420
120799,9902
120991,5295950
120999,212963
121010,230305
121020,427892
121120,1995
121190,2814918
121221,502635
121229,79466
130120,28426
130190,225648
130211,6
130212,239509
130213,1906846
130219,79855
130220,248794
130231,57360
130232,321979
130239,233433
140490,27738
150190,2706
150210,4508
150420,234833
150500,4934
150790,1231813
150910,510658
150990,69646
151190,645251176
151211,8990
151219,42391189
151319,167872
151321,2411488
151329,51
151419,77950
151499,110258
151519,685
151529,219973
151530,5254
151550,111580
151590,37579
151620,7308446
151710,1924357
151790,5519362
151800,49336
152110,126139
152190,9243
160100,1635827
160210,185654
160231,39236
160232,981711
160239,13317
160241,112724
160242,22721
160249,505927
160250,118214
160290,65968
160300,39218
160411,49722
160412,9017
160413,622375
160414,378698
160415,3382280
160416,14942
160419,5114
160420,240625
160432,8754
160510,117530
160521,49937
160529,95045
160530,14299
160551,2110
160553,1374
160554,366444
160555,3638
160561,255
160569,33626
170114,1457
170191,24555
170199,46606897
170211,324258
170219,154400
170220,10195
170230,3785946
170240,40435
170250,46
170260,374796
170290,2421823
170310,1216
170410,2946241
170490,7444592
180400,3808
180500,936232
180610,325765
180620,752875
180631,1741964
180632,549618
180690,3367876
190110,38145498
190120,1085424
190190,105988927
190211,463
190219,2107554
190220,606813
190230,9048435
190240,3328
190300,3051433
190410,1560474
190420,165783
190430,9407
190490,2509543
190510,31318
190520,1384
190531,23353778
190532,40111941
190540,2973236
190590,12354711
200110,23993
200190,118519
200210,38194
200290,436067
200310,42653
200390,27471
200410,468628
200490,69171
200510,9821
200520,327683
200540,94413
200551,5964
200559,156949
200560,1593
200570,38024
200580,39706
200599,81536
200600,108805
200710,61732
200799,1596771
200811,162822
200819,298824
200820,83147
200840,1379
200860,66352
200870,42282
200880,5533
200893,10095
200897,140387
200899,2468705
200911,74234
200912,585367
200919,66148
200921,30529
200929,553
200939,497523
200941,72712
200949,113604
200950,12322
200961,147938
200969,99320
200971,285465
200979,132487
200981,6522
200989,368762
200990,1639189
210111,22917845
210112,9050623
210120,16614667
210130,84462
210210,3135481
210220,122737
210230,538807
210310,2064255
210320,598120
210330,33383
210390,24897916
210410,832133
210420,5626381
210500,1881638
210610,150375
210690,292478335
220110,182471
220210,80351572
220299,41402257
220300,159982
220410,756800
220421,2086681
220422,35236
220429,149341
220430,117956
220600,40550
220720,41339
220820,107881
220830,4904905
220840,8864
220850,19612
220860,18161
220870,38636
220890,39570
220900,305705
230110,24926788
230210,20355180
230310,1047853
230330,10603203
230400,92558417
230500,50020
230630,4092369
230641,444127
230649,4788250
230660,2059465
230690,132781
230800,46805204
230910,6457454
230990,129670765
240110,5647657
240120,1088127
240210,20557
240220,1139698
240319,46631890
240399,6738
250100,1691842
250200,7220
250300,5362894
250410,771209
250490,512123
250510,2246639
250590,466155
250610,985
250620,230
250700,642935
250810,408128
250830,835427
250840,225855
250900,11963
251110,796778
251200,20531
251320,89261
251512,115
251612,7875
251620,6253
251690,26674
251710,39446
251720,138225
251741,284
251749,172859
251830,25380
251910,30347
251990,249461
252010,2098123
252020,1221279
252100,386679
252210,10984
252220,9540
252230,37426
252310,8422569
252321,1963511
252329,54850415
252330,1340
252390,2546498
252490,94636
252520,1121
252610,19200
252620,494935
252800,35098
252910,62570
253010,61287
253090,9100
260112,575
260200,163
260800,39946
261390,50
261400,33200
261800,708963
261900,55
262190,274216
270111,163753
270112,7464259
270119,34022183
270400,466791
270500,81500
270600,524192
270720,72172
270730,119064
270750,145713
270799,788647
270900,60076
271012,868913528
271019,1577808139
271020,8301
271099,690
271111,94239464
271113,487621
271114,61639593
271119,254299
271210,362405
271220,5047829
271290,19609787
271312,36254
271320,34455054
271410,3419776
271490,22146236
271500,3310
271600,12918673
280110,73152
280120,7263
280200,296805
280300,3039767
280410,151689
280421,163387
280429,137456
280430,52570
280440,438253
280461,3583
280469,49592
280490,10
280512,27
280519,14487
280610,506778
280700,9239446
280800,568249
280910,40
280920,977742
281000,160392
281111,30796
281119,555294
281121,635948
281122,840024
281129,143560
281290,119166
281390,240648
281420,153370
281511,6310193
281512,2240028
281520,994
281610,191185
281640,311
281700,1359627
281820,5707
281830,2929
282010,201948
282090,97160
282110,330172
282300,9315529
282410,6000
282490,1220
282510,467
282520,2155
282550,292364
282560,10632
282590,45407
282619,6544
282690,129569
282710,284781
282720,693164
282731,33465
282732,460936
282739,185061
282741,55063
282749,48763
282759,2789
282760,234276
282810,282954
282890,314119
282911,260650
282990,6428
283010,287482
283090,38200
283110,546397
283210,149113
283220,4263
283230,15597
283311,2933984
283319,734378
283321,121695
283322,486662
283324,775
283325,872619
283327,8093
283329,1546072
283330,331308
283340,167158
283410,21632
283421,67257
283429,57896
283510,15020
283522,59067
283524,74866
283525,1492828
283526,636834
283529,143495
283531,2371263
283539,123710
283620,2734394
283630,1730236
283640,136
283650,9496517
283699,1793663
283711,3270000
283719,199752
283720,2590563
283919,2931898
283990,367947
284011,97362
284019,370237
284020,197744
284150,396
284161,148396
284170,127
284190,487
284210,3905894
284290,16360
284321,15
284329,20795
284390,100
284410,21320
284420,14050
284430,11560
284440,44440
284610,67
284690,1482
284700,683879
284910,224302
284920,5240
284990,82813
285000,416
285210,1237
285290,4
285390,142405
290110,7974779
290121,19949
290122,1831
290123,147787
290129,197405
290211,779
290219,1023
290230,1075950
290241,45455
290244,121756
290250,86140
290290,4808602
290311,604395
290312,106187
290313,930
290319,90
290329,13
290339,878999
290371,78104
290379,45222
290391,554979
290399,17330
290410,96613
290420,36290
290499,249777
290511,621216
290512,561639
290513,36864
290514,2395
290516,3759
290517,10996
290519,6040
290529,28
290531,439416
290532,501650
290539,8643
290541,2540
290542,15
290543,226856
290544,391514
290545,637735
290549,183701
290559,3925
290611,1625940
290621,157293
290629,1600
290711,178978
290712,26400
290715,3
290719,64129
290721,2
290729,4178
290819,79387
290899,37
290911,2622
290919,7440
290920,135
290930,34442
290941,270
290943,128019
290944,3339
290949,91701
290950,583
290960,142529
291010,1636
291020,43
291090,267
291100,120
291211,2307635
291212,714
291219,20984
291221,5
291229,32
291241,69750
291249,2273
291260,667553
291411,51588
291412,142577
291413,107028
291419,63660
291422,39611
291429,1785554
291439,9044
291462,69000
291469,288180
291479,1259
291511,234306
291512,22681
291521,230098
291529,54443
291531,644464
291532,303
291533,290610
291539,191525
291540,179
291550,378311
291560,484943
291570,810655
291590,808786
291611,138319
291613,16320
291614,2024459
291615,240
291619,207080
291631,535566
291632,51739
291639,31586
291711,23851
291712,4
291719,58920
291720,2927650
291732,2538036
291734,168168
291737,18869
291739,105971
291811,264857
291813,2869
291814,2139413
291815,237999
291816,91787
291819,114023
291821,5455
291822,6515
291823,521359
291829,3187
291830,10
291899,176253
291990,38649
292019,109095
292090,9897
292111,691
292112,200
292119,143395
292121,86
292129,55803
292141,3
292142,8400
292143,144
292144,319
292149,710
292159,1990
292211,3
292212,29729
292215,12058
292217,72000
292218,108
292219,423
292229,31914
292241,3039152
292242,43916998
292249,845206
292250,1430004
292310,471028
292320,133998
292390,708632
292419,4141
292429,785468
292511,436872
292529,151417
292620,314
292690,13714
292700,58461
292800,1459404
292910,1534003
292990,1256944
293040,5890778
293090,1518848
293110,9100
293139,23250
293190,296996
293211,1600
293214,79550
293219,6112
293220,2355
293299,52227
293319,17375
293321,103224
293329,482059
293331,225
293333,40
293339,95966
293349,15660
293359,60839
293361,422435
293369,202231
293379,2226
293399,1103744
293410,612052
293499,736570
293530,32229
293590,125251
293621,878976
293622,61281
293623,103557
293624,458606
293625,82548
293626,10741
293627,311708
293628,213193
293629,635399
293690,197492
293719,100
293729,19
293790,48292
293890,39598
293911,215
293919,1500
293920,434255
293930,85711
293949,67915
293959,69491
294000,210706
294110,2299027
294130,58058
294140,7760
294150,54
294190,840425
294200,2012341
300190,1010531
300211,138029
300212,95795
300213,143880
300215,7803594
300220,32536653
300230,10565068
300290,288501
300310,239424
300320,2516294
300339,337410
300349,12469
300390,1089336
300410,12141176
300420,19804745
300432,750511
300439,10691904
300442,40556
300449,1129172
300450,28419186
300460,10
300490,403396596
300510,13871379
300590,2388247
300610,1002083
300620,56383
300630,724242
300640,95099
300650,257684
300660,1296329
300670,37927329
300691,74433
300692,1637575
310100,10532381
310210,118614909
310221,3586823
310229,32633483
310250,115643
310290,582279
310311,438040
310420,3226665
310430,25207
310490,2189935
310510,4364468
310520,97931453
310530,8068235
310540,7390
310559,7967704
310560,75687861
310590,25378970
320120,16500
320190,15000
320290,46336
320300,209278
320411,234195
320412,78298
320413,126076
320414,169256
320415,1016563
320416,169193
320417,1747364
320419,1233200
320420,115264
320490,1313106
320500,165783
320611,1857341
320619,600648
320620,30418
320641,110122
320642,16274
320649,1397279
320650,56278
320710,105856
320720,94889
320740,676696
320810,2848085
320820,3114666
320890,6997568
320910,4073428
320990,4455359
321000,716389
321100,593321
321210,59267
321290,572628
321310,98306
321390,54703
321410,1704239
321490,2912735
321511,2413924
321519,5589206
321590,583984
330113,1212
330119,591866
330124,119770
330125,15923
330129,205182
330130,1201
330190,1576634
330210,17296945
330290,8928117
330300,773680
330410,2949613
330420,866414
330430,253238
330491,3191384
330499,33178696
330510,17119507
330520,52252
330530,639875
330590,10238650
330610,13821093
330620,57858
330690,420876
330710,90131
330720,4880523
330730,128756
330741,1196225
330749,3510197
330790,2787081
340111,8313007
340119,5401541
340120,6094271
340130,25255845
340211,19496687
340212,167955
340213,784893
340219,613834
340220,22140040
340290,7397894
340311,1316347
340319,240084
340391,8680
340399,716997
340420,362863
340490,350940
340510,397834
340520,42373
340530,39880
340540,173982
340590,174977
340600,240141
340700,93947
350110,12909
350190,53606
350211,16912
350219,472
350220,389
350290,37
350300,380884
350400,193064
350510,2437727
350520,4197347
350610,4810374
350691,3099455
350699,8607833
350710,32160
350790,3637103
360200,203169
360300,3600
360500,13
360690,3657
370110,1912111
370120,30992
370130,730221
370191,56939
370210,30419
370231,3794
370239,5163
370243,5851
370252,1114852
370255,76875
370298,643
370310,1050831
370320,2850
370390,152792
370400,71428
370500,42858
370710,1068
370790,657116
380130,2554744
380190,1307
380210,1076090
380290,983018
380400,271998
380590,119402
380610,161683
380620,5
380630,1279
380690,15508
380852,168525
380859,105392833
380861,1489705
380862,128656
380891,7878556
380892,264338
380893,2970710
380894,1948715
380899,693062
380910,114157
380991,1758095
380992,51851
380993,7353
381010,165799
381090,107922
381119,452837
381121,54670
381129,374824
381190,271276
381210,255241
381220,646867
381231,88649
381239,2555024
381300,752917
381400,10612691
381511,225148
381519,52401
381590,16446
381600,2272930
381700,135644
381900,267158
382000,1929046
382100,850657
382200,22349217
382311,839325
382312,135032
382319,2137
382370,201418
382410,85207
382430,84
382440,7252657
382450,959628
382460,1175540
382471,1609139
382474,18018
382475,23304
382478,408810
382479,32592
382483,476
382488,250
382491,9017545
382499,9009959
382520,52173
382530,54
382549,125093
382550,332878
382561,25132
390110,45745123
390120,50053297
390130,432968
390140,4938259
390190,7530173
390210,136259480
390230,3496457
390290,509818
390311,1692351
390319,1926189
390320,588097
390330,503426
390390,655158
390410,42350990
390421,3368288
390422,4226598
390430,58916
390440,16706466
390461,117517
390490,9880
390512,151790
390519,60839
390521,3255179
390529,23389
390530,496246
390591,175503
390599,293510
390610,678136
390690,10314967
390710,753341
390720,5040202
390730,2624238
390740,694898
390750,8173283
390761,27883391
390769,8144400
390791,2850890
390799,2171518
390810,1073298
390890,96229
390910,1257688
390920,151266
390931,120740
390939,25114
390940,564061
390950,3511635
391000,3751852
391110,866678
391190,125756
391211,311
391220,4614
391231,979430
391239,1485755
391290,472243
391310,73724
391390,300124
391400,344683
391510,350329
391590,1475729
391610,141997
391620,1124675
391690,136551
391710,1656312
391721,4207799
391722,1617044
391723,8150446
391729,4693073
391731,2128743
391732,236067
391733,20866
391739,1618486
391740,5858851
391810,8339981
391890,627477
391910,27428760
391990,4325823
392010,34117795
392020,21449190
392030,169582
392043,14887548
392049,2470463
392051,424030
392059,73045
392061,946074
392062,1580334
392063,64883
392069,348761
392071,50019
392073,94
392079,29235
392091,594570
392092,362513
392094,106152
392099,3336836
392111,7494525
392112,2884211
392113,1870748
392114,1500272
392119,7775267
392190,15725919
392210,317582
392220,166835
392290,286675
392310,18275730
392321,9065474
392329,3826307
392330,4028515
392340,352559
392350,2966951
392390,8633532
392410,5386813
392490,10537904
392510,1374502
392520,3219355
392530,76419
392590,3128702
392610,1312543
392620,1645765
392630,5896569
392640,165775
392690,88296850
400110,456363
400122,62496
400129,2
400211,34920
400219,2554049
400220,919359
400231,4918
400239,16487
400249,733221
400259,22708
400260,58195
400270,77311
400280,464
400291,259426
400299,759709
400300,10159
400400,11394
400510,16970
400520,39009
400591,42688
400599,3042
400690,255129
400700,93998
400811,619705
400819,248271
400821,121773
400829,520333
400911,381574
400912,512595
400921,109859
400922,74024
400931,431122
400932,14306
400941,454832
400942,291571
401011,11192
401012,505945
401019,1678701
401031,156563
401032,8612
401033,4997
401034,921
401035,2784
401036,68
401039,1181834
401110,11956458
401120,62901742
401130,860583
401140,10558317
401150,448374
401170,1214479
401180,3740811
401190,698162
401212,46816
401219,1119
401220,7332
401290,177501
401310,3257383
401320,658533
401390,2470469
401410,1125352
401490,294282
401511,3482071
401519,3980260
401590,36608
401610,544141
401691,1667374
401692,559465
401693,2126865
401694,775956
401695,492153
401699,4045217
401700,81297
410120,4500
410190,31200
410210,15462
410229,11039
410390,300
410411,2458
410419,480
410441,5728
410621,3985
410622,331
410711,3305
410719,1500937
410791,2543
410799,1941497
411200,245026
411310,163218
411390,2346175
411410,6182
411420,1241570
411510,6552923
411520,360230
420100,15818
420211,730638
420212,4027114
420219,2160629
420221,449742
420222,712493
420229,6215758
420231,3722328
420232,79527
420239,2864620
420291,2445968
420292,432616
420299,74693
420310,55745
420321,614958
420329,154066
420330,311440
420340,831694
420500,4614762
430219,2679
430310,2768
430390,1788
430400,1208096
440122,16394
440131,22026
440139,19118
440290,19367
440420,35011
440500,15584
440711,162716
440712,55006
440719,8001
440729,6895
440794,9794
440799,19451
440810,1796702
440890,866581
440921,43405
440922,13308
440929,28514
441011,1357544
441012,5984
441019,74771
441090,462538
441112,1273134
441113,588934
441114,4042307
441192,2019088
441193,217704
441194,397863
441210,13954
441231,52191
441233,323990
441239,160538
441294,2766547
441299,7508112
441300,105836
441400,308210
441510,165637
441520,825423
441600,16460
441700,10003
441810,8127
441820,1093559
441840,24996
441860,28108
441873,847
441874,6066
441875,11786
441879,23451
441899,265741
441911,12031
441912,227413
441919,3714
441990,42513
442010,1683
442090,106030
442110,1488210
442191,434138
442199,230667
450190,2542
450310,15039
450390,12042
450410,220280
450490,65183
460121,12405
460129,125259
460192,391
460194,270
460199,20284
460211,10444
460212,84
460219,1199
460290,86
470100,121538
470311,4153
470321,293134
470329,173094
470429,124
470500,33
470620,57972
470630,3202
470692,3613
470710,6556
470720,427
470730,47
470790,5529787
480100,6857336
480210,38178
480220,2426545
480240,273352
480254,181828
480255,33854665
480256,11924752
480257,15264180
480258,1321496
480261,154306
480262,210141
480269,47392
480300,2564452
480411,40763
480419,1101099
480421,1253036
480429,34770
480431,1516266
480439,397445
480441,303566
480442,4260
480449,5744
480451,742668
480459,396
480511,3202
480512,6302
480519,3508016
480524,7730363
480525,3661638
480530,113275
480540,167861
480550,4570
480591,829717
480592,157694
480593,848386
480620,127646
480630,206112
480640,93189
480700,180412
480810,58436
480840,209936
480890,4284021
480920,1781383
480990,624294
481013,762013
481014,17
481019,3888733
481022,571421
481029,4982352
481031,67762
481032,301001
481039,2914689
481092,17535576
481099,630861
481110,3670235
481141,3475325
481149,925553
481151,376577
481159,4067803
481160,1159
481190,1437158
481200,22164
481310,67714
481320,733226
481390,2711051
481420,225651
481490,19278
481620,184219
481690,14138316
481710,188865
481720,45481
481730,18755
481810,2732182
481820,3023312
481830,4103
481850,4638
481890,2918660
481910,16521114
481920,25061385
481930,370593
481940,142964
481950,589935
481960,233363
482010,350712
482020,3648087
482030,148633
482040,908
482050,498461
482090,124981
482110,24387085
482190,1424737
482210,44500
482290,427952
482320,7005627
482340,531093
482361,3763
482369,1092312
482370,176957
482390,3244814
490110,343388
490191,810881
490199,1020062
490210,23206
490290,163124
490300,76918
490510,92
490599,2309
490600,3277
490700,1393280
490810,48
490890,12
490900,20100
491000,45738
491110,317926
491191,8242
491199,4835431
500300,3253
500400,35460
500600,1023
500710,5837
500720,2180422
500790,1456
510119,419
510129,6925
510529,1686
510610,78571
510710,40
511119,80
511190,1571243
511219,767370
511290,911604
520100,967033
520210,6674805
520299,13973
520300,18729
520411,4763693
520419,1079133
520420,2075
520511,10193959
520512,1474560
520513,915627
520514,3899529
520515,1418977
520521,1200
520523,58140
520524,76272
520535,1155144
520544,81542
520548,288174
520611,2911
520612,688986
520621,51921
520632,63119
520710,377477
520790,7142512
520811,404448
520812,4006188
520819,1216339
520821,731253
520822,225588
520823,6195
520829,16756822
520831,9479
520832,60225
520833,4480
520839,18899463
520841,71997
520842,283103
520843,91278
520849,4636575
520851,143409
520852,962655
520859,1606261
520911,61743
520919,1205961
520929,6992700
520931,1129719
520932,219366
520939,29051004
520942,269870
520949,129448
520951,99747
520952,283281
520959,212087
521019,72726
521021,62390
521029,141792
521031,22860
521039,75376
521041,30170
521049,149820
521051,70494
521059,9650688
521111,101099
521119,469798
521131,432090
521139,109064
521141,169814
521142,21019
521149,1054311
521151,60910
521152,150130
521159,577324
521211,47
521213,3406
521214,820
521215,176332
521221,429
521222,13710
521223,7886
521225,47643
530129,7
530210,24
530500,71417
530710,423079
530720,149919
530890,29978
530911,6101
530919,53516
530929,9975
531010,81041
531090,17037
531100,40310
540110,8537336
540120,149727
540211,1076478
540219,8435542
540220,84631
540231,3069771
540232,38670
540233,1348818
540234,4702
540239,4650
540244,309993
540245,533726
540247,74298
540248,424421
540249,458234
540251,7668
540252,3936
540253,36649
540259,364
540261,30406
540262,38420
540263,240161
540269,24663
540310,399
540331,91572
540332,7409
540419,244772
540490,19912
540600,10219
540710,36229515
540720,40356
540730,53769
540741,39202855
540742,1039831
540743,28785
540744,24324239
540751,389458
540752,51616256
540753,588409
540754,29058877
540761,5895100
540769,5744857
540771,54445
540772,126735
540773,14848
540774,85326
540781,543
540782,368116
540784,3441
540792,14843
540793,25717
540794,10972069
540810,1028763
540823,629
540824,4330351
540833,797184
540834,20196
550120,22359
550190,3539798
550210,4112
550290,289611
550311,36791
550319,148
550320,3510342
550330,248400
550390,12123
550490,4531
550610,930157
550620,29305
550690,237962
550810,1158545
550820,289640
550911,1343554
550912,329373
550921,861872
550922,382401
550931,201279
550932,3511441
550952,561362
550953,3406
550962,29002
550969,54823
550999,17433
551090,21792
551110,609235
551120,301688
551130,5494
551211,123604
551219,19500429
551221,539
551229,14919
551291,3297705
551299,217225
551311,23386696
551312,55242
551313,6032
551319,70849255
551321,407487
551323,193
551329,3524997
551331,103139
551339,40680
551411,1251162
551412,130546
551419,1115305
551421,248627
551422,6481
551423,64559
551429,5249585
551430,20481
551443,598980
551449,585855700
551511,6758468
551512,92940
551519,190082
551522,1787
551529,61464
551591,5052
551599,20703
551611,55943
551612,1330475
551613,990284
551614,285964
551622,17482
551623,349
551632,3611
551634,2862
551691,1296656
551693,635789
560121,314066
560122,9733603
560129,3797049
560130,14674
560210,73307
560221,86
560229,31162
560290,156340263
560311,705802
560312,8303884
560313,63972
560314,3683343
560391,515639
560392,7153052
560393,33514684
560394,2976783
560410,9379433
560490,454553
560500,22866
560600,5244
560721,1654453
560729,5636470
560741,148816
560749,5210932
560750,1057897
560790,6263045
560811,5479295
560819,420959
560890,334823
560900,535101
570110,961683
570190,566071
570220,8601
570232,491711
570239,97470
570241,169375
570242,265154
570249,13483
570292,26678
570299,2609
570310,4456
570320,313224
570330,347702
570390,26102
570410,9000
570490,73991
570500,522753
580110,2592657
580121,945
580122,1311
580127,65160
580133,4981
580136,917
580137,713
580190,1557
580219,181659
580220,13101
580230,1374690
580300,91324
580410,2376344
580421,5275706
580429,2507913
580430,40
580500,30348
580610,400316
580620,61418513
580631,74846
580632,14242369
580639,288481
580640,294093
580710,7887661
580790,30370504
580810,2297028
580890,195342
580900,62352
581010,8499
581091,9945
581092,285308
581099,225763
581100,66535
590110,229419
590190,1082370
590210,1663734
590220,231626
590290,9804
590310,17587025
590320,13756604
590390,8603863
590410,3256031
590490,472056
590500,76301
590610,73332
590691,30882
590699,16097
590700,1007672
590800,751
590900,1448648
591000,783538
591110,1359972
591120,136945
591131,694
591132,57315
591140,40184
591190,633002
600110,21914
600121,3315155
600122,199849
600191,2532
600192,12297623
600199,425341
600240,162522
600290,152461
600320,2605882
600330,39095
600390,4386
600410,4484465
600490,898965
600521,12833
600522,2852
600523,414
600536,6045074
600537,9175522
600538,165177
600539,17409
600542,53754
600543,3
600590,17633
600610,9652882
600621,1947285
600622,6713287
600623,10979171
600624,5749
600631,25908989
600632,31030735
600634,1123668
600641,19219
600642,80731
600644,2880
600690,903525
610120,83231
610130,30929
610190,15880755
610220,6914
610230,588
610290,4034
610310,2158
610322,301
610329,8576
610332,4033
610333,22993
610339,43687
610342,32015
610343,36438
610349,25101
610413,1050
610419,6047
610432,3427
610433,425
610439,245
610441,361
610442,19538
610443,3830
610444,3045
610449,1766
610451,258
610452,935
610453,167
610459,5427
610462,37235
610463,15816
610469,8592
610510,487282
610520,99494
610590,31877
610610,92196
610620,7594
610690,7550
610711,58551
610712,4205
610719,29193
610729,27669
610799,1249
610811,6
610819,5435
610821,25114
610822,86802
610829,8114
610831,520
610839,134
610891,7651
610892,658
610910,1644379
610990,757573
611011,3001
611012,1896
611019,15225
611020,651274
611030,152276
611090,26704
611120,5228
611190,1006991
611211,217490
611212,1000
611219,671103
611220,132
611231,42
611239,3560
611249,7
611300,44123
611420,51008
611430,32099
611490,309809
611510,49680
611529,204967
611530,98
611595,10943
611596,4866
611599,47232
611610,119801
611692,44326
611693,11975
611699,103090
611710,63703
611780,884400
611790,762902
620111,121
620112,1162
620113,1150320
620119,84957
620192,21926
620193,66864
620199,19626
620212,40
620213,53773
620219,10174
620292,4253
620293,5233
620299,5016
620311,660
620312,146915
620319,57340
620323,659
620332,176115
620333,32173
620339,194965
620342,693814
620343,121343
620349,33713
620412,11613
620413,8357
620419,1190
620429,110
620432,5819
620433,60878
620439,5399
620442,37473
620443,77120
620444,5211
620449,30375
620452,47195
620453,13506
620459,4123
620461,174
620462,214711
620463,125986
620469,648668
620520,3738696
620530,125765
620590,19069
620610,11743
620630,621502
620640,1583837
620690,29802
620711,261820
620719,8440
620721,74631
620791,861874
620799,40517
620819,175
620821,39900
620822,47
620829,27081
620891,1730
620899,6721
620920,525792
620930,25486
620990,614
621010,9721628
621020,108648
621030,758487
621040,27130
621050,62270
621111,1296
621112,2589
621120,31
621132,303569
621133,29111
621139,17875
621142,14560
621143,1707459
621149,23689
621210,955716
621220,96724
621230,7190
621290,1168492
621320,2888
621390,76
621410,4267
621420,2151
621430,4694
621440,273
621490,3619
621510,724413
621520,11224
621590,2978
621600,331335
621710,1220649
621790,1582355
630110,619
630120,2209786
630130,2972
630140,405183
630190,405037
630210,78741
630221,42400
630222,124550
630229,3767
630231,81117
630232,49333
630239,510634
630240,121204
630251,2168
630253,1347
630259,1872
630260,512811
630291,340208
630293,48981
630299,44893
630312,19286
630319,56581
630391,1992
630392,23692
630399,27568
630411,9877
630419,344106
630420,28780
630491,2761333
630492,755
630493,23304
630499,111850
630510,4248934
630520,4162
630532,265267
630533,28650121
630539,3245
630590,127891
630612,166651
630619,104689
630622,200245
630629,96140
630630,4
630640,3001
630690,65849
630710,683013
630720,428382
630790,8633573
630800,13
630900,2168
631010,178
631090,239
640110,33441
640192,17001
640199,4495676
640212,54818
640219,192638
640220,544600
640291,21145
640299,2562714
640312,10750
640319,548917
640320,4215
640340,6465582
640351,11744
640359,139566
640391,138481
640399,418410
640411,1918151
640419,794716
640420,295579
640510,288190
640520,38110
640590,3676312
640610,16410503
640620,5160743
640690,16918644
650100,672147
650200,388
650400,17216
650500,605376
650610,1653962
650691,15559
650699,18236
650700,8785
660110,174812
660191,38176
660199,1829092
660200,26248
660320,835874
660390,604882
670100,11515
670210,821714
670290,52794
670300,623
670411,30
670419,1303525
670420,38975
670490,164418
680100,1384234
680210,2303254
680221,290381
680223,1632566
680229,113907
680291,1134230
680292,261
680293,2761856
680299,226406
680300,2330
680410,223137
680421,143930
680422,3281335
680423,38348
680430,766898
680510,340504
680520,781437
680530,51603
680610,498897
680620,94355
680690,422236
680710,279943
680790,409651
680800,11585100
680911,3018986
680919,2965581
680990,84407
681011,2024338
681019,243831
681091,1965681
681099,2971569
681140,3489931
681181,26698
681182,4169123
681189,55835
681280,905381
681291,20760
681293,17757
681299,14886
681320,9262
681381,16970
681389,22832
681410,4041
681490,90187
681510,437855
681599,27940
690100,456295
690210,1471374
690220,456556
690290,431778
690320,15513
690390,51598
690410,288943
690490,310538
690510,173823
690590,115379
690600,1635
690721,36967935
690722,15290481
690723,13166151
690730,191162
690740,478210
690911,80129
690912,9232
690919,20831
690990,45908
691010,5307172
691090,6574508
691110,6705927
691190,1081199
691200,2149366
691310,302475
691390,80976
691410,261316
691490,55415
700100,54215
700220,54
700231,11260
700232,1810
700239,5595
700312,684658
700319,743188
700330,92514
700420,16896
700490,88576
700510,2647476
700521,2647304
700529,6540433
700600,1101972
700711,677594
700719,2068358
700721,1118167
700729,266330
700800,479859
700910,1403046
700991,1045310
700992,564529
701010,758012
701020,26987
701090,38617834
701110,6563
701120,1557
701190,10402
701310,229836
701322,2909
701328,143440
701337,2868318
701342,11392
701349,866845
701399,2900602
701400,9957
701590,57
701610,55741
701690,8081707
701710,264246
701720,45748
701790,245643
701810,404377
701820,19000
701890,39137
701911,186846
701912,1529318
701919,1128935
701931,862631
701932,59830
701939,748605
701940,39041
701952,8074
701959,139165
701990,1258348
702000,274852
710410,866360
710490,1500
710692,53435
710812,49800
711311,24
711411,164792
711420,1019
711590,102612
711711,112282
711719,152939
711790,17313
711810,669
720110,3538124
720211,20749
720219,141019
720221,248974
720229,188753
720230,984001
720390,437
720410,13043
720421,66071
720429,274503
720449,81099
720510,143452
720529,192325
720610,180
720690,790
720712,119691
720719,27422
720720,27566
720810,313088
720827,15514502
720836,1735454
720837,6410142
720838,1244137
720839,1492941
720840,22135
720851,5907771
720852,9679148
720853,610
720854,190087
720890,2156605
720915,100366
720916,1418583
720917,1147167
720918,8186658
720925,128016
720926,666512
720927,1539088
720928,11516
720990,176571
721011,1306909
721012,8023890
721020,4003207
721030,3789801
721041,182441
721049,132602293
721050,60015
721061,39488236
721069,630955
721070,136813958
721090,17019322
721113,700
721114,12550
721119,42579
721123,14950
721129,56732
721190,177125
721210,39594
721220,73463
721230,2668714
721240,683698
721250,103106
721260,24244
721310,17357142
721320,312574
721391,94995030
721399,1227185
721410,51945791
721420,198509242
721491,46231
721499,10398644
721510,264392
721550,1152596
721590,2847264
721610,8647072
721621,9786555
721622,94104
721631,10673450
721632,14961661
721633,100917252
721640,569836
721650,563898
721661,250760
721669,97907
721691,487359
721699,1533722
721710,34043039
721720,29236086
721730,1012972
721790,1065149
721891,21718
721899,84987
721912,41711
721913,13547
721914,17481
721921,17949
721922,56945
721923,64056
721924,2000999
721931,407956
721932,190948
721933,35983
721934,620721
721935,261975
721990,8298831
722011,45468
722012,5025
722020,232498
722090,52938
722100,14129
722211,8487
722219,495780
722220,255377
722230,87547
722240,873397
722300,966750
722511,7576645
722519,212159
722530,7259984
722540,38203280
722591,1180808
722592,460977
722599,162891
722611,2400
722619,588
722620,5335
722699,2015574
722710,1217
722720,60522
722790,11578690
722810,324091
722820,1283765
722830,32857483
722840,23
722850,11069
722860,16654
722870,2885278
722880,3342516
722920,27310
722990,956429
730110,10582385
730120,198177
730210,27485888
730230,10620
730240,805898
730290,5773947
730300,19475602
730411,1598422
730419,23821113
730422,605103
730423,338994
730424,71163
730429,9011800
730431,1088288
730439,946500
730441,100551
730449,512573
730451,564000
730459,2498
730490,15208317
730511,14649
730512,457788
730519,98350
730531,310556
730539,357243
730590,1867
730611,648862
730619,13514740
730629,196616
730630,16312913
730640,14911548
730650,642741
730661,164751536
730690,2019118
730711,2843459
730719,1169146
730721,807272
730722,206346
730723,134847
730729,394076
730791,707436
730792,284857
730793,728665
730799,2913003
730810,16812899
730820,39289716
730830,9019034
730840,6206702
730890,56925793
730900,6624967
731010,2195882
731021,6458547
731029,1270808
731100,4424298
731210,5443115
731290,1848194
731300,645046
731412,2375
731414,19178
731419,171332
731420,840569
731431,166957
731439,652460
731441,1472984
731442,166666
731449,3460479
731450,756791
731511,3190188
731512,336268
731519,6620
731520,11848
731581,26869
731582,578769
731589,167330
731590,30580
731600,265742
731700,9697876
731811,86317
731812,1747883
731813,404778
731814,2258711
731815,24215554
731816,4875546
731819,1913217
731821,376926
731822,2527774
731823,711099
731824,123995
731829,610711
731940,457134
731990,244644
732010,2361425
732020,71146
732090,331344
732111,2586518
732112,7299
732119,2879674
732181,38744
732189,97136
732190,102837
732211,73862
732219,640633
732290,15647548
732310,414663
732391,365542
732392,134760
732393,7774783
732394,1815030
732399,1448497
732410,3797796
732421,145643
732429,275364
732490,1206924
732510,891101
732591,943094
732599,1381912
732611,1127128
732619,347478
732620,4777929
732690,33480690
740100,24133
740200,598875
740311,880611
740319,603
740329,1668
740610,4978
740620,1980
740710,2059628
740721,1235
740729,26746
740811,15742039
740819,1755366
740821,36
740822,38970
740829,1696
740911,169971
740919,116977
740921,285
740929,8329
740931,62440
740939,69087
740990,395
741011,559642
741021,166154
741022,5899
741110,2576074
741121,7568
741122,22051
741129,110952
741210,63035
741220,612078
741300,570437
741510,32688
741521,10461
741529,6233
741533,198186
741539,40701
741810,76640
741820,208699
741910,1011
741991,996609
741999,494072
750210,400
750220,5806
750512,7543
750522,3353
750610,24356
750720,19
750810,342
750890,6848
760110,35
760120,633114
760310,4199
760320,60
760410,3943573
760421,6933272
760429,11932662
760511,3746169
760519,70992
760529,15951
760611,1760465
760612,37970888
760691,50300
760692,16580
760711,5563674
760719,4004749
760720,9180386
760810,93388
760820,158317
760900,29135
761010,12303938
761090,7083836
761100,9006
761210,95744
761290,1666873
761300,75921
761410,16031507
761490,1313840
761510,917768
761520,134914
761610,81260
761691,51743
761699,3368171
780110,51460
780199,2190
780411,922144
780419,13054
780600,26270
790111,2443453
790112,700036
790120,188246
790390,13469
790400,465972
790500,39198
790700,71666
800300,45737
800700,1155894
810199,23939
810419,27690
810890,133
811300,216
820110,575140
820130,2778383
820140,92462
820150,3528
820160,25397
820190,70876
820210,550360
820220,42071
820231,89697
820239,19528
820240,230460
820291,217384
820299,103392
820310,395619
820320,458206
820330,407273
820340,96639
820411,484947
820412,1187012
820420,140071
820510,398724
820520,902148
820530,61593
820540,326614
820551,362829
820559,1407349
820560,32341
820570,543496
820590,252087
820600,410455
820713,16295
820719,1357019
820720,171216
820730,184191
820740,44810
820750,320111
820760,6127
820770,47936
820780,8910
820790,412193
820810,36377
820820,83301
820830,19611
820840,39114
820890,786092
820900,24440
821000,156904
821110,25860
821191,54845
821192,38770
821193,83271
821194,139128
821195,75430
821210,2587619
821220,1722860
821290,420
821300,330422
821410,439299
821420,24281
821490,219299
821510,383888
821520,103037
821599,308650
830110,1931447
830120,178793
830130,134231
830140,1311910
830150,7962
830160,21292
830170,21048
830210,2150448
830220,590110
830230,816665
830241,1323223
830242,565244
830249,490943
830250,784243
830260,186517
830300,1217018
830400,44732
830510,77311
830520,710966
830590,115731
830610,37653
830621,1122
830629,290808
830630,1519
830710,872850
830790,165914
830810,21886358
830820,728585
830890,3968034
830910,784076
830990,31091623
831000,135865
831110,9149454
831120,2121951
831130,237145
831190,181499
840120,20948
840130,1835
840211,771013
840212,5437231
840219,9463395
840220,355586
840290,1507580
840310,239563
840390,4416
840410,12645
840420,16369
840510,110810467
840590,229123
840610,3.00E+05
840682,3149719
840690,228772
840710,2030402
840721,542255
840729,24844
840732,237055
840733,11894
840734,7306817
840790,8176826
840810,4263935
840820,1708720
840890,36841739
840910,115842
840991,7053719
840999,6544578
841011,55822
841090,6333181
841121,256000
841122,330000
841191,44146
841199,24619478
841210,3250
841221,41296
841229,199326
841231,297799
841239,1456934
841280,4280678
841290,62453
841311,4468816
841319,1557889
841320,16577147
841330,791067
841340,889148
841350,1058173
841360,3404756
841370,21681568
841381,4566448
841382,26505
841391,7365964
841392,2252
841410,449238
841420,1113233
841430,3667102
841440,7495234
841451,15126135
841459,5282952
841460,781289
841480,4949571
841490,3870611
841510,77611024
841520,752729
841581,1988085
841582,2724042
841583,320970
841590,4716172
841610,18826
841620,93576
841630,10895
841690,65964
841710,40638
841720,195082
841780,953911
841790,49074
841810,20040313
841821,10409949
841829,411909
841830,9512301
841840,628281
841850,6656077
841861,101380
841869,10107224
841891,188208
841899,2177347
841911,260039
841919,847579
841920,1438791
841931,2833431
841932,825422
841939,1261409
841940,1304946
841950,11374165
841960,1636032
841981,922516
841989,6478311
841990,1205364
842010,342782
842091,211380
842099,12668
842111,4307
842112,85723
842119,1284868
842121,5493523
842122,2615937
842123,6327810
842129,3336043
842131,2157576
842139,3250092
842191,521559
842199,2809655
842211,107157
842219,280635
842220,247047
842230,8744960
842240,9858402
842290,5411902
842310,432409
842320,292592
842330,340749
842381,340747
842382,398340
842389,445923
842390,621827
842410,10833111
842420,2145949
842430,177479
842441,5405155
842449,548550
842482,339796
842489,2757697
842490,2695964
842511,436751
842519,561752
842531,148016
842539,144564
842541,128814
842542,1880753
842549,486655
842611,2358040
842612,3826005
842619,14322594
842620,4155261
842630,906692
842641,595632
842649,1539242
842691,202800
842699,310056
842710,5484315
842720,3661916
842790,3412182
842810,20032172
842820,2573472
842831,19812
842832,1350284
842833,3498044
842839,3106591
842840,866504
842890,6211275
842911,2031936
842919,5067950
842920,2969833
842930,120199
842940,7898951
842951,16890049
842952,158306765
842959,43007937
843010,1829532
843031,403454
843039,3680113
843041,3053947
843049,122315873
843050,1282223
843061,1938613
843069,139270
843110,715306
843120,3194030
843131,1049337
843139,1409069
843141,6045957
843142,863284
843143,61031460
843149,33571280
843210,2413391
843221,7886568
843229,6267750
843231,506327
843239,526073
843241,1401
843242,70135
843280,3356439
843290,1296413
843311,611996
843319,1073162
843320,479701
843330,85334
843340,244619
843351,73384582
843352,66204
843353,76904
843359,1174283
843360,269282
843390,16138150
843410,114940
843490,69050
843510,448929
843590,62651
843610,5712951
843621,3088002
843629,2928335
843680,2229729
843691,12683475
843699,6912830
843710,7576974
843780,10723741
843790,5858764
843810,3836891
843820,207000
843830,5626959
843840,131851
843850,172690
843860,211551
843880,5963538
843890,4256212
843910,29445
843930,572740
843991,1061
843999,357415
844010,2329424
844090,16866
844110,4001237
844120,299380
844130,598499
844140,161994
844180,2095708
844190,253107
844230,231689
844240,32984
844250,1916776
844311,149046
844312,267623
844313,440576
844314,319434
844315,25126
844316,198770
844317,76000
844319,3909379
844331,2822946
844332,4905752
844339,151046
844391,439609
844399,5005839
844400,196299
844511,33933
844513,10000
844519,101237
844520,9099
844530,31200
844540,1110685
844590,534053
844610,26718
844621,330962
844629,14870
844630,21886
844711,839279
844720,4525157
844790,7145559
844811,41750
844819,39055
844820,344202
844831,1098
844832,2036
844833,55378
844839,51496
844849,106149
844851,22
844859,45987
844900,1290405
845011,7271626
845012,1523431
845019,107849
845020,4054004
845090,54774
845110,61553
845121,557438
845129,1014725
845130,859329
845140,206057
845150,3621568
845180,6562092
845190,523885
845210,2614982
845221,4774110
845229,24178337
845230,579990
845290,1834839
845310,516101
845320,5547079
845380,1170412
845390,299540
845410,92412
845430,337168
845490,55952
845510,129329
845521,212336
845522,864755
845530,1206281
845590,2677847
845611,758652
845612,25775
845620,14934
845630,2000
845640,126826
845650,26856
845690,230757
845710,181745
845720,3785
845730,5672
845811,361253
845819,100560
845891,197864
845899,304927
845910,620583
845921,346227
845929,699812
845939,1599143
845949,1910
845951,66498
845959,159849
845961,88496
845969,67436
845970,110595
846012,348407
846019,267297
846022,9291
846023,17662
846024,25895
846029,1843595
846031,312170
846039,192502
846040,91498
846090,577544
846120,593391
846130,47046
846140,35727
846150,674166
846190,1612272
846210,772721
846221,423214
846229,3502447
846231,141677
846239,652751
846241,398364
846249,717170
846291,601721
846299,1112557
846310,2476596
846320,18116
846330,163119
846390,257634
846410,49594
846420,115602
846490,107595
846510,48859
846520,53453
846591,313670
846592,160774
846593,284225
846594,81585
846595,370039
846596,606888
846599,1048001
846610,572773
846620,97250
846630,298447
846691,85899
846692,97143
846693,1479160
846694,225054
846711,304075
846719,261365
846721,1542375
846722,221561
846729,1791695
846781,134549
846789,867407
846791,176552
846792,14829
846799,2073543
846810,8944
846820,486649
846880,213448
846890,704278
847010,355843
847029,367624
847030,215134
847050,228520
847090,1495480
847130,54840153
847141,9473087
847149,2053967
847150,9970204
847160,1841008
847170,8290928
847180,2662458
847190,2379518
847210,145886
847230,4302
847290,3407394
847321,74042
847329,72670
847330,2285934
847340,389605
847350,134169
847410,1157627
847420,3210822
847431,6875408
847432,1523674
847439,85288
847480,1450595
847490,3313259
847510,16851
847529,127179
847590,100
847621,38000
847629,5000
847681,2284
847689,87090
847690,607
847710,6145716
847720,1747193
847730,2324855
847740,716229
847751,288120
847759,260328
847780,4204948
847790,935988
847810,773002
847890,2280778
847910,2338793
847920,158496
847930,172558
847940,340989
847950,403539
847960,9986056
847971,5729
847979,157099
847981,523440
847982,3490365
847989,3468324
847990,1062476
848010,165164
848020,1212903
848030,1719383
848041,2310334
848049,267693
848050,4875
848060,534860
848071,1439516
848079,1132147
848110,2041249
848120,511038
848130,1905062
848140,2824825
848180,19258346
848190,2659928
848210,5339255
848220,73351
848230,23179
848240,9898
848250,98857
848280,215384
848291,110269
848299,3004121
848310,1545870
848320,333580
848330,1216013
848340,4058090
848350,257064
848360,739666
848390,4095196
848410,668078
848420,2016721
848490,803359
848610,2596
848620,164548
848630,73219
848640,2876469
848690,924267
848710,348744
848790,420516
850110,2415060
850120,316548
850131,27553358
850132,102250615
850133,647927
850134,114754
850140,4878762
850151,240000
850152,1637703
850153,270503
850161,4044919
850162,928572
850163,424703
850164,702826
850211,15590296
850212,10068176
850213,20275241
850220,148809624
850239,234582279
850240,501
850300,59360786
850410,142682
850421,39802174
850422,20614289
850423,25505098
850431,6361876
850432,207292
850433,759034
850434,1560907
850440,26037711
850450,938480
850490,13830818
850511,2223161
850519,71594
850520,19337
850590,324413
850610,11111624
850640,9914
850650,4718859
850660,2532758
850680,9547445
850690,78897
850710,34669123
850720,13872538
850730,9072338
850740,176620
850750,316728
850760,16208345
850780,416552
850790,1395126
850811,242175
850819,531866
850860,353267
850870,19472
850940,1545434
850980,1211970
850990,61702
851010,71179
851020,27040
851030,71267
851090,2395758
851110,1346979
851120,27126
851130,242498
851140,305867
851150,115125
851180,506328
851190,332654
851210,5172
851220,940402
851230,294960
851240,100600
851290,121394
851310,2579875
851390,180382
851410,247512
851420,1339742
851430,1130272
851440,96830
851490,158462
851511,594297
851519,281178
851521,227348
851529,1656415
851531,860077
851539,1298174
851580,458699
851590,2332413
851610,5505047
851621,3688
851629,830456
851631,508940
851632,77141
851633,59688
851640,1490557
851650,1115752
851660,12234873
851671,464043
851672,123454
851679,2473118
851680,323795
851690,184110
851711,5571268
851712,360954473
851718,47471691
851761,1780337
851762,74522787
851769,315218
851770,35627148
851810,760788
851821,718914
851822,2945095
851829,825051
851830,895560
851840,201455
851850,501082
851890,264942
851920,5902
851930,199
851981,53147
851989,170595
852110,8466
852190,378017
852290,105897
852321,196139
852329,175900
852341,674791
852349,10818613
852351,700201
852352,14315345
852359,852830
852380,306812
852550,314793
852560,8909
852580,2780961
852610,1749300
852691,219904
852692,11203
852713,35
852719,403615
852721,620288
852729,663750
852791,85228
852792,20
852799,997776
852842,580013
852849,346772
852852,2602644
852859,878054
852862,483776
852869,416251
852871,3654149
852872,33965243
852873,257
852910,787205
852990,2904962
853010,56586
853080,278295
853090,387720
853110,1709593
853120,190879
853180,440409
853190,605030
853210,595779
853222,40
853225,2837
853229,702525
853230,59
853290,2145
853310,483026
853321,32
853329,43357
853339,39092
853340,8291
853390,167
853400,2812310
853510,1279689
853521,27325468
853529,1385716
853530,4419299
853540,1601561
853590,6806633
853610,3066308
853620,7040794
853630,424562
853641,1342539
853649,2470565
853650,9213125
853661,1074104
853669,2655519
853670,2394150
853690,10076568
853710,24863021
853720,43427075
853810,2400762
853890,4953747
853910,337314
853921,5235382
853922,492476
853929,1298438
853931,762143
853932,49729
853939,200662
853941,10357
853949,72200
853950,5339190
853990,692028
854040,5
854071,12
854079,4304
854089,8870
854099,27241
854110,3422441
854129,377147
854130,37221
854140,29487055
854150,1
854160,4129
854190,33547
854231,1445340
854232,30
854233,174215
854239,11427163
854290,78370
854310,162
854320,20489
854330,261718
854370,10042737
854390,517718
854411,15989586
854419,5946342
854420,1690835
854430,2808895
854442,15264685
854449,48871104
854460,41395323
854470,9596889
854519,91480
854520,30186
854590,36796
854610,1860971
854620,23130475
854690,1834493
854710,67309
854720,1268944
854790,2549998
854810,2189
854890,32764
860120,1223
860210,617373
860290,1853
860310,1100
860390,164024
860400,1541598
860610,24515
860699,29495558
860719,1773866
860721,119875
860729,72327139
860730,78711
860791,143158
860799,296262
860800,3505317
860900,5239215
870110,74995815
870120,8050695
870130,888966
870191,17267074
870192,7638495
870193,21938106
870194,2556147
870195,12087881
870210,48013241
870220,177281
870290,11994753
870310,840836
870321,13044690
870322,107479494
870323,78350809
870324,23198306
870331,58528
870332,8537022
870333,10049628
870340,8821674
870350,387060
870360,217309
870370,33942445
870380,395146
870390,3874180
870410,83266117
870421,41976939
870422,13504802
870423,4769301
870431,10158097
870432,557942
870490,13999
870510,1478498
870530,2688587
870540,7869086
870590,2316951
870600,3580849
870710,8545966
870790,675057
870810,16049021
870821,307892
870829,7012606
870830,2191159
870840,3685195
870850,11385684
870870,25939764
870880,4222559
870891,5960085
870892,535541
870893,1830936
870894,3456484
870895,1616946
870899,29167825
870911,79600
870919,1309621
870990,266062
871110,121853833
871120,209074857
871130,40
871140,75394
871150,1505338
871160,753994
871190,23075
871200,10367100
871310,265757
871390,30168
871410,19487083
871420,850967
871491,157842
871492,140304
871493,1787223
871494,89037
871495,67149
871496,53309
871499,677666
871500,251971
871610,129510
871620,14950
871631,668950
871639,1398947
871640,26307552
871680,944616
871690,1293929
880100,214492
880211,122471
880220,8850
880240,58400000
880330,11764027
880390,3180405
880400,1084
880510,2695
880521,640
880529,2127
890110,2235130
890120,9000001
890310,2400
890399,583574
890400,6279794
890510,274679
890590,8353505
890610,9769
890690,1058077
890710,5566
890790,161886
900110,1508053
900130,192396
900140,12060477
900150,124570
900190,562605
900211,275852
900219,129864
900220,593451
900290,80936
900311,40726
900319,719992
900390,5942
900410,459247
900490,4710330
900510,5457
900580,1736076
900590,4555211
900630,312378
900640,136931
900651,14867
900659,247841
900669,2025142
900691,825273
900699,98978
900710,12767
900720,203479
900791,300572
900792,50517
900850,8516
900890,4967
901010,44749
901050,85173
901060,162637
901090,5377
901110,8457
901120,618
901180,1954436
901190,81744
901210,135733
901290,25817
901310,2460
901320,32263
901380,41309
901390,7514
901410,124748
901420,545
901480,52002
901510,987453
901520,109214
901530,52785
901580,1054306
901590,865594
901600,238544
901710,40743
901720,903491
901730,399449
901780,771474
901790,111485
901811,108344
901812,1935294
901813,518703
901819,43930247
901820,191119
901831,4132650
901832,39889
901839,3234843
901841,4117
901849,346272
901850,266733
901890,35143395
901910,950016
901920,2487401
902000,1059708
902110,382918
902121,8129
902129,60744
902131,4331
902139,211401
902140,53540
902150,40992
902190,152611
902212,5331245
902213,263616
902214,2299431
902219,5268383
902221,8045109
902229,134399
902230,898618
902290,665762
902300,2299851
902410,203803
902480,425256
902490,50259
902511,67619
902519,1165413
902580,331221
902590,2018825
902610,1621918
902620,3766061
902680,817436
902690,494179
902710,831926
902720,1752801
902730,1393588
902750,1140396
902780,2717168
902790,1930107
902810,2097394
902820,1316873
902830,12755754
902890,969619
902910,85507
902920,514260
902990,18810
903010,391257
903020,34579
903031,105504
903032,960755
903033,950010
903039,602132
903040,200899
903082,6794
903084,64774
903089,708966
903090,347444
903110,2523880
903120,2209288
903141,8411
903149,970125
903180,9921413
903190,497096
903210,108946
903220,8545
903281,49228
903289,11573163
903290,1210852
903300,1067224
910119,159679
910121,701
910129,3398
910199,17510
910211,87967
910212,763
910219,179129
910221,12309
910229,41083
910291,535
910299,6235
910310,10
910390,2059724
910511,2719
910519,87194
910521,323896
910529,412364
910591,200
910599,69189
910610,55851
910690,6096
910700,7782
910819,54432
910910,9
910990,102
911019,2025
911090,706
911180,221
911190,8185
911220,49
911320,38
911390,57202
911430,50238
911440,28598
911490,120096
920110,22291
920120,13315
920190,92586
920210,9500
920290,160100
920510,29921
920590,12622
920600,207443
920710,435078
920790,79922
920810,307
920890,11906
920930,12802
920991,1992
920992,14112
920994,9999
920999,50442
940110,44167
940120,2946418
940130,1582834
940140,276604
940153,1287
940159,7819
940161,1177963
940169,313497
940171,1596111
940179,1554530
940180,1264615
940190,531068
940210,1455952
940290,4608870
940310,4935255
940320,13698845
940330,1451943
940340,1829411
940350,2877633
940360,4875471
940370,1837575
940382,61
940383,6387
940389,613294
940390,665768
940410,243512
940421,69550
940429,1843137
940430,8309
940490,1259424
940510,5172376
940520,729465
940530,927444
940540,5975461
940550,1547792
940560,1354233
940591,110338
940592,56099
940599,595683
940610,318820
940690,25253063
950300,8871126
950420,80630
950430,79544
950440,4
950450,3679
950490,325
950510,57011
950590,122689
950619,50013
950629,1066280
950631,1130448
950632,76392
950639,449353
950640,708239
950651,23190
950659,55719
950661,195
950662,172206
950669,1318769
950670,3536
950691,1682886
950699,793625
950710,2016
950720,89046
950730,3874
950790,42019
950890,92620
960190,121998
960200,855297
960310,504906
960321,3045267
960329,1660270
960330,1524493
960340,523279
960350,35564
960390,1149958
960400,8437
960500,47287
960610,2265415
960621,15219525
960622,2812261
960629,3242008
960630,7612499
960711,5555322
960719,29348219
960720,371985
960810,3159810
960820,415472
960830,228861
960840,518400
960850,127051
960860,23978
960891,21636
960899,52979
960910,2218383
960920,928176
960990,684989
961000,117433
961100,62829
961210,248714
961220,28952
961310,126907
961320,14987
961380,72162
961390,92576
961400,250
961511,14050
961519,963394
961590,7201
961610,85396
961620,64919
961700,1962144
961800,51651
961900,26224766
962000,188716
970110,7490
970190,188
970300,20774
970400,50002
970500,290259
999999,5789238
