CommodityCode,ValueUSD
1,5875670
2,12799328
3,4398347
4,40981401
5,1934539
6,3427010
7,3824783
8,10240304
9,5660593
10,55173368
11,95522079
12,3137019
13,4390189
14,44151
15,16246175
16,16399683
17,45718946
18,5851154
19,169890191
20,11537933
21,104932673
22,346857255
23,215589690
24,254713162
25,161510682
26,18346090
27,2368043688
28,38374457
29,54791205
30,231040980
31,216450761
32,78018497
33,93862423
34,72380378
35,41565289
36,2802015
37,1327078
38,182108354
39,755748521
40,192805071
41,306708528
42,30646399
43,266998871
44,208036748
45,453015
46,85471
47,278990
48,477477660
49,35487236
50,3383196
51,35949453
52,645933130
53,990586
54,130971717
55,1009892437
56,83218867
57,4174573
58,252611648
59,193720350
60,2682355386
61,24962086
62,86819966
63,122883087
64,182242025
65,2861658
66,11850427
67,910352
68,76528914
69,199002276
70,79763056
71,153256756
72,478441663
73,456389834
74,60760113
75,437568
76,371652039
78,763101
79,4202271
80,984177
81,4009902
82,32164283
83,149619932
84,1413952136
85,1071053469
86,17117553
87,2377573863
88,16927675
89,12347637
90,97929377
91,8853116
92,577299
93,1529374
94,151957018
95,58310226
96,233385833
97,1242919
99,1859861
102,242929
103,4281140
104,6400
105,1320725
106,24475
201,1930026
202,3845606
203,340454
204,594616
206,27156
207,4412641
208,690
210,1648136
301,1478399
302,892745
303,346709
304,420890
305,26217
306,563809
307,661174
308,8402
401,15769677
402,10519564
403,5754525
404,737072
405,3625313
406,3776932
407,532118
408,2664
409,263532
501,568
505,1933971
602,3006458
603,411142
604,9409
701,47442
702,6132
703,127705
704,243566
705,681
706,125819
707,110
708,3837
709,522495
710,1338333
711,162
712,721679
713,657808
714,29008
801,206274
802,178934
803,25218
804,836837
805,1080815
806,1312037
807,13606
808,2270841
809,1493464
810,2402107
811,231470
813,188694
901,4084640
902,1189030
904,201931
905,2103
906,3943
907,814
908,381
909,549
910,177198
1001,4924507
1003,829
1005,40962003
1006,9260823
1007,22755
1008,2449
1101,5837328
1102,1966711
1103,3161251
1104,121204
1105,241638
1106,94790
1107,83655980
1108,413092
1109,30080
1201,229812
1202,105236
1205,15841
1206,2849
1207,45584
1208,4453
1209,1750768
1210,522769
1211,45382
1212,414322
1301,37
1302,4390151
1404,44151
1501,13104
1502,796
1503,2210
1506,226311
1507,156236
1508,54713
1509,434793
1510,15354
1511,3592705
1512,2316182
1513,36723
1514,47885
1515,974454
1516,4225862
1517,2526607
1518,1578665
1521,43566
1601,2507051
1602,3742746
1603,5076
1604,8081411
1605,2063398
1701,23530587
1702,3450142
1703,5525
1704,18732691
1801,297883
1802,13668
1804,587
1805,205281
1806,5333734
1901,101399603
1902,29550326
1903,33186
1904,1028660
1905,37878414
2001,105158
2002,157988
2003,212736
2004,364263
2005,3372102
2006,38531
2007,2153468
2008,1573370
2009,3560314
2101,4573519
2102,489031
2103,30624820
2104,755409
2105,5160234
2106,63329658
2201,4633160
2202,299356861
2203,26054783
2204,2588101
2205,771984
2206,523254
2207,24145
2208,12480305
2209,424658
2301,7301608
2302,26020485
2303,12210653
2304,25544289
2305,397985
2306,23117620
2308,9707633
2309,111289413
2401,13448278
2402,233468404
2403,7796479
2501,4531522
2503,138562
2504,7145
2505,462745
2506,8402
2507,367993
2508,630921
2509,819
2510,162
2511,38371
2512,66836
2513,1356226
2515,19369
2516,40053
2517,437016
2519,546
2520,16423752
2521,2386876
2522,854449
2523,133075596
2524,43625
2525,7352
2526,537355
2529,9469
2530,65507
2601,26682
2603,17600075
2607,122553
2615,14301
2616,206965
2618,542
2619,1334
2620,5286
2621,368348
2701,403994448
2702,271740
2704,74248
2707,94562
2709,33173
2710,1723010133
2711,160857284
2712,159635
2713,8527613
2714,19806520
2715,233125
2716,50981201
2801,254080
2802,73146
2803,2740004
2804,2936462
2805,117419
2806,552679
2807,380814
2808,24644
2809,211443
2810,140
2811,4826776
2814,182500
2815,2748436
2816,1521
2817,498935
2818,115658
2820,3057
2821,116246
2823,2076512
2825,116461
2826,1286
2827,2704143
2828,999185
2829,65298
2830,65397
2831,312781
2832,891146
2833,1197829
2834,3358193
2835,610702
2836,8588259
2837,5910
2839,194013
2840,49516
2841,31717
2842,135031
2843,20154
2844,59675
2847,600634
2849,478144
2852,2405
2853,26086
2901,20530
2902,987612
2903,1348046
2904,79107
2905,697712
2906,140652
2907,39852
2909,10775971
2910,79236
2912,1121731
2914,238889
2915,1011783
2916,304441
2917,397646
2918,3136585
2919,23740
2920,69060
2921,459239
2922,20455469
2923,219371
2924,600597
2925,13231
2926,36820
2927,118425
2929,4437298
2930,848537
2931,156933
2932,87285
2933,3128073
2934,157546
2935,96965
2936,708974
2937,31656
2938,18260
2939,155131
2940,1700
2941,1925183
2942,661899
3001,260
3002,29310327
3003,1419798
3004,191191082
3005,3995919
3006,5123592
3101,10766007
3102,82043944
3103,77810458
3104,5286767
3105,40543583
3202,322701
3203,42343
3204,9060253
3205,11967
3206,5843935
3207,2958338
3208,17603092
3209,15106217
3210,3115699
3211,2092
3212,1630941
3213,25398
3214,7057711
3215,15237804
3301,79866
3302,12132570
3303,2522702
3304,35499633
3305,29446445
3306,5204336
3307,8976868
3401,16677405
3402,48398168
3403,4034190
3404,1802946
3405,1074503
3406,383036
3407,10126
3501,57107
3502,23552
3503,2173295
3505,18661646
3506,19296461
3507,1353226
3602,77830
3603,642171
3604,2082013
3701,1044626
3702,29723
3703,125937
3704,186
3705,287
3707,126317
3801,1632
3802,1184229
3804,186490
3805,54625
3806,115909
3808,107626301
3809,10792947
3810,1490672
3811,1715649
3812,13958520
3813,4580
3814,3525912
3815,355193
3816,2409692
3818,1291073
3819,597575
3820,227430
3821,18108
3822,10540320
3823,175938
3824,25816081
3825,19468
3901,33089104
3902,50996215
3903,14841477
3904,82020077
3905,1809784
3906,3391835
3907,46274301
3908,999777
3909,16992005
3910,1772554
3911,162274
3912,934220
3913,80792
3914,223999
3915,30105
3916,830717
3917,35246525
3918,2337679
3919,40902287
3920,39923839
3921,130117164
3922,435487
3923,92466284
3924,13606522
3925,5496226
3926,140767260
4001,3267975
4002,13588271
4003,1246400
4005,1928822
4006,19520
4007,521490
4008,8043901
4009,5274032
4010,2480854
4011,38159492
4012,1404219
4013,5039010
4014,1161297
4015,10675803
4016,99986266
4017,7711
4101,1829028
4103,1910576
4104,61894910
4105,428592
4106,8219
4107,28070229
4112,756154
4113,28045051
4114,4005
4115,183761759
4201,16051
4202,22265837
4203,5648703
4205,2715807
4301,265586251
4302,153576
4304,1259043
4401,2196305
4402,47088
4403,7434587
4407,3527676
4408,57923398
4409,1709878
4410,11230188
4411,7713756
4412,100032859
4413,76090
4414,4514359
4415,1909586
4416,5016
4417,345700
4418,7007475
4419,406160
4420,1103541
4421,853077
4501,395844
4502,23082
4503,22757
4504,11330
4601,49977
4602,35493
4702,123512
4703,111934
4705,11813
4706,19420
4707,12309
4801,3242729
4802,16858864
4803,11749327
4804,35213079
4805,67070997
4806,115928
4807,79729
4808,13628342
4809,3775561
4810,26423591
4811,37589088
4812,50207
4813,3736246
4814,5896980
4816,1829361
4817,509907
4818,20122587
4819,96934842
4820,11276482
4821,99844989
4822,2338343
4823,19190472
4901,2832403
4902,48757
4903,182576
4904,2070
4905,40271
4906,77445
4907,59469
4908,22250295
4909,2400
4910,55348
4911,9936197
5004,118667
5005,365
5006,129151
5007,3135012
5101,10440
5102,90546
5105,66997
5107,49604
5109,3719200
5111,313533
5112,31699129
5201,655300
5202,63499
5203,67436
5204,6525211
5205,21588872
5206,12750961
5207,156083
5208,63752686
5209,336288842
5210,621357
5211,200779369
5212,2683509
5302,13810
5303,1586
5305,71764
5306,8608
5308,534301
5309,47693
5310,302055
5311,10765
5401,29472180
5402,17855968
5403,51260
5404,1302622
5406,80784
5407,80441426
5408,1767474
5501,173547
5502,657703
5503,686209
5504,77877
5506,198329
5508,41628564
5509,121129588
5510,88012503
5511,522203
5512,656613
5513,10335608
5514,15743881
5515,729336262
5516,733542
5601,10091256
5602,917787
5603,22177674
5604,8380641
5605,6301
5606,11601314
5607,27276379
5608,1138849
5609,1628664
5701,705589
5702,577469
5703,655319
5704,977360
5705,1258834
5801,1303056
5802,2660795
5803,22912
5804,33298144
5805,29761
5806,111011700
5807,89883630
5808,1333088
5809,2110579
5810,3012860
5811,7945117
5901,7122678
5902,3185836
5903,168304337
5904,10560
5905,1434
5906,4759015
5907,3444570
5908,3930
5909,31220
5910,499322
5911,6357444
6001,21055667
6002,67201443
6003,5140352
6004,1402915423
6005,3528968
6006,1182513529
6101,4924334
6102,79118
6103,249997
6104,1156937
6105,714350
6106,336740
6107,150106
6108,47764
6109,3631083
6110,434533
6111,116396
6112,87790
6113,354212
6114,265609
6115,538946
6116,467873
6117,11406289
6201,1124434
6202,116641
6203,1560357
6204,2335231
6205,995900
6206,620246
6207,103186
6208,41974
6209,16932
6210,3019886
6211,342464
6212,1346135
6213,117102
6214,137714
6215,333192
6216,101477
6217,74507084
6301,13010248
6302,2032801
6303,357964
6304,1479092
6305,24501443
6306,1973643
6307,4975333
6308,5544
6309,74080382
6310,466631
6401,215561
6402,7565007
6403,3150279
6404,5160407
6405,471794
6406,165678976
6504,65803
6505,243086
6506,1849363
6507,703404
6601,855405
6602,32562
6603,10962460
6701,374411
6702,488821
6703,2226
6704,44891
6801,88005
6802,10465969
6804,1679331
6805,1143101
6806,5594956
6807,2089354
6808,2244846
6809,16027451
6810,26861902
6811,8434849
6812,572425
6813,349433
6814,12260
6815,965025
6901,655743
6902,6412499
6903,135742
6904,1473699
6905,2152201
6907,133978890
6909,469780
6910,22274032
6911,13599415
6912,13991522
6913,384935
6914,3294852
7002,27048
7003,231832
7004,511191
7005,30782814
7006,136027
7007,10090277
7008,10529718
7009,3799412
7010,12488402
7011,68293
7013,5407096
7014,1743
7015,1391
7016,1046791
7017,99178
7018,169819
7019,3707552
7020,664463
7101,1500
7102,54518419
7104,3136
7105,43535
7106,7577
7108,92656114
7112,58
7113,3748363
7115,438976
7116,12507
7117,1826561
7118,5
7201,11478
7202,1112707
7203,2963589
7204,215744
7205,1357302
7206,70024
7207,75416
7208,9135432
7209,36578264
7210,83259231
7211,1887891
7212,3990486
7213,36928469
7214,79429355
7215,13318319
7216,42028348
7217,13887717
7218,100549
7219,3008963
7220,2330774
7221,612386
7222,10728292
7223,326579
7224,811
7225,36433614
7226,4841499
7227,17971846
7228,67342779
7229,8493785
7301,5901591
7302,2399174
7303,29265067
7304,52563600
7305,8149995
7306,28468528
7307,16676779
7308,175483144
7309,5699095
7310,3703952
7311,8781305
7312,11045895
7313,911787
7314,4052157
7315,8489262
7316,1369060
7317,974160
7318,43718406
7319,1120045
7320,2468253
7321,2153097
7322,475093
7323,3758438
7324,3906104
7325,2256722
7326,32599113
7401,780463
7402,6137216
7403,64126
7404,62011
7406,3030808
7407,879042
7408,29941182
7409,3563818
7410,485117
7411,516657
7412,145578
7413,8979402
7415,5731216
7418,9311
7419,434159
7501,152716
7502,117216
7505,27909
7506,49763
7507,26967
7508,62996
7601,15871028
7602,50980
7603,19597
7604,13067229
7605,340751
7606,154730088
7607,11959983
7608,15789504
7609,621877
7610,22829277
7611,12458
7612,81574349
7613,267403
7614,46933244
7615,1531999
7616,6052266
7801,19633
7804,47220
7806,696247
7901,5515
7903,4199
7904,164609
7905,1225672
7907,2802274
8001,111599
8003,848539
8007,24038
8101,3712290
8102,6044
8104,17185
8105,9669
8108,199881
8111,64831
8201,8234531
8202,931300
8203,1417788
8204,1783491
8205,9192561
8206,916835
8207,4836996
8208,2019602
8209,266904
8210,105365
8211,815446
8212,872051
8213,236188
8214,131882
8215,403336
8301,3958259
8302,16963332
8303,2071167
8304,227730
8305,1298269
8306,1873648
8307,968651
8308,84796739
8309,20806356
8310,4747017
8311,11908758
8401,999
8402,13594793
8403,1432973
8404,957408
8405,1860152
8406,1022326
8407,24190573
8408,3645048
8409,1359268
8410,57824
8411,10835055
8412,1797071
8413,66096600
8414,25553250
8415,27159306
8416,135501
8417,6460566
8418,42031090
8419,40292893
8420,929240
8421,24288549
8422,26842644
8423,1695463
8424,18253301
8425,5019508
8426,41557466
8427,16688564
8428,55110346
8429,162853087
8430,31737850
8431,27986642
8432,17730949
8433,43595305
8434,163335
8435,174440
8436,4645937
8437,16971818
8438,18727412
8439,6349270
8440,81897
8441,13824468
8442,1234860
8443,99774718
8444,1000178
8445,3171960
8446,622952
8447,41553399
8448,2163515
8449,2158
8450,22813695
8451,40706946
8452,66839261
8453,11328838
8454,11725669
8455,10555493
8456,2583687
8457,236190
8458,1252077
8459,5304043
8460,1754109
8461,4586590
8462,20620930
8463,4097212
8464,3211044
8465,9957463
8466,16520763
8467,3285707
8468,2892270
8470,2082716
8471,19390251
8472,6577300
8473,3637903
8474,48132344
8475,9698881
8476,206368
8477,35091212
8478,2248605
8479,37662959
8480,28083183
8481,11022147
8482,10181467
8483,4897735
8484,856656
8486,622419
8487,54029
8501,20802502
8502,47510169
8503,47183859
8504,91146361
8505,3393166
8506,1996155
8507,11636704
8508,916165
8509,736373
8510,65259
8511,7423111
8512,4505589
8513,2137002
8514,5951915
8515,5805692
8516,8925035
8517,125832702
8518,4805940
8519,2805557
8521,260754
8522,11975
8523,8028988
8525,2206691
8526,1178043
8527,467822
8528,14960417
8529,4590330
8530,1146372
8531,33818778
8532,2734785
8533,5624969
8534,2826536
8535,26108146
8536,76912457
8537,46291918
8538,5046517
8539,48579337
8540,13214
8541,66463976
8542,12458101
8543,3301329
8544,294596576
8545,794920
8546,13136215
8547,5897777
8548,17247
8602,15343666
8606,496733
8607,240666
8608,358053
8609,678433
8701,185894005
8702,113064502
8703,829372276
8704,543488488
8705,65779188
8707,53095
8708,29614214
8709,767169
8711,278953438
8712,10419836
8713,66315
8714,296574365
8715,190467
8716,23336499
8801,2353
8802,512665
8803,16411306
8804,1350
8901,8485683
8902,260000
8903,2225722
8904,100188
8905,676266
8907,599776
9001,5804154
9002,20189
9003,401917
9004,1126528
9005,8568
9006,169662
9007,5719
9008,2923
9010,88720
9011,228342
9012,134318
9013,711651
9014,5422
9015,460942
9016,69524
9017,1478429
9018,23069916
9019,1140446
9020,143303
9021,725400
9022,4211219
9023,470251
9024,3119900
9025,689205
9026,2019718
9027,5350542
9028,30132820
9029,302479
9030,3031738
9031,10502024
9032,2017707
9033,285685
9101,334646
9102,5543548
9103,12036
9104,5089
9105,363575
9106,167982
9107,9104
9108,5
9109,238
9110,1847
9111,18
9113,2267003
9114,148020
9201,468743
9202,36393
9205,21584
9206,17481
9207,168
9208,27276
9209,5652
9301,7494
9302,1411686
9304,8309
9305,1446
9306,100437
9401,9632201
9402,935843
9403,50457261
9404,11538369
9405,17489117
9406,61904225
9503,48171057
9504,598842
9505,1192931
9506,6590894
9507,1084981
9508,671519
9601,44346
9602,286795
9603,6064800
9604,567
9605,12034
9606,48679105
9607,137318851
9608,1942704
9609,572793
9610,1000125
9611,24479
9612,456341
9613,96971
9614,16576
9615,272059
9616,96370
9617,494606
9618,210641
9619,35787118
9620,8542
9701,102722
9703,1140196
9999,2038821
10221,42000
10229,200929
10310,2874862
10392,1406277
10420,6400
10511,1246079
10594,74645
10619,120
10633,22679
10639,670
10690,1004
20110,114711
20120,48288
20130,1767026
20210,927212
20220,322739
20230,2595654
20319,29315
20322,4948
20329,306191
20421,175925
20422,8466
20423,12131
20430,27782
20442,50244
20443,320066
20629,25365
20649,1790
20712,50077
20714,1823150
20724,4916
20725,11598
20726,1063447
20727,657028
20743,30542
20744,62194
20745,695823
20755,13863
20810,690
21019,12854
21099,1635282
30111,37755
30119,3202
30192,444
30193,917458
30199,519539
30213,425
30214,642923
30219,3834
30229,708
30233,126
30243,26
30271,29941
30272,56668
30274,666
30284,189
30285,243
30289,156928
30299,62
30313,3834
30319,71619
30326,292
30333,27348
30339,919
30354,26764
30355,20476
30359,21350
30389,164542
30391,9075
30392,419
30399,66
30439,33598
30441,11559
30449,1885
30462,163291
30487,2960
30489,572
30499,207022
30539,7378
30549,6786
30559,52
30569,6959
30579,5040
30611,10788
30612,2432
30614,75815
30617,316756
30631,32108
30632,5884
30633,74981
30635,17059
30636,12000
30692,14019
30695,1483
30699,479
30711,117041
30712,12487
30721,586
30722,2098
30731,2973
30732,290014
30742,1513
30743,16390
30749,105339
30751,338
30752,33329
30771,34272
30772,162
30781,11161
30782,25501
30792,7963
30821,8330
30822,71
40110,4103179
40120,3324158
40140,456960
40150,7885379
40210,3915614
40221,3308764
40229,25460
40299,3269725
40310,5422873
40390,331651
40410,737026
40490,45
40510,1464371
40520,1397
40590,2159544
40610,39548
40620,253445
40630,36809
40640,361
40690,3446767
40711,31448
40719,445325
40721,55244
40790,99
40811,2664
40900,263532
50100,568
50510,1196841
50590,737130
60210,10560
60220,238111
60290,2757786
60311,44181
60312,23468
60313,10553
60314,2907
60315,3795
60319,249876
60390,76358
60420,6699
60490,2710
70110,26548
70190,20893
70200,6132
70310,29180
70320,98501
70390,24
70410,59090
70420,170138
70490,14337
70511,681
70610,115024
70690,10795
70700,110
70810,414
70820,3422
70920,8610
70940,10057
70951,762
70959,11948
70960,439482
70970,21101
70991,6986
70999,23545
71010,1113418
71021,48310
71022,41749
71029,157
71030,14094
71040,19963
71080,3776
71090,96864
71151,33
71190,128
71220,2560
71231,201762
71232,48908
71239,206479
71290,261967
71310,106873
71320,100529
71331,415865
71332,64
71333,54
71339,22319
71340,7617
71390,4484
71410,266
71420,9900
71430,5070
71440,85
71490,13686
80111,86238
80119,561
80131,119475
80211,174
80212,46656
80222,35
80231,3
80232,2385
80241,50
80242,9211
80252,4458
80262,140
80290,115818
80390,25218
80410,724503
80420,1318
80430,7393
80440,32111
80450,71510
80510,502680
80521,181339
80522,280
80529,280965
80540,76486
80550,23289
80590,15773
80610,1168189
80620,143847
80711,1814
80719,11792
80810,1961685
80830,309155
80910,1960
80929,1414403
80930,43816
80940,33284
81010,341119
81020,100011
81040,4168
81050,41274
81060,3422
81070,46762
81090,1865348
81120,1735
81190,229735
81310,6150
81320,4181
81330,240
81340,56668
81350,121454
90111,457811
90112,14616
90121,3360984
90122,251061
90190,167
90210,366791
90220,474897
90230,70605
90240,276735
90411,10139
90412,100197
90421,32849
90422,58745
90520,2103
90619,3442
90620,500
90710,629
90720,184
90812,23
90831,357
90921,57
90922,165
90931,30
90932,276
90962,19
91011,328
91012,357
91020,1424
91091,150326
91099,24760
100111,144875
100119,4778821
100199,810
100390,829
100510,4223827
100590,36738175
100610,212888
100620,1234791
100630,7804079
100640,9064
100710,22755
100890,2449
110100,5837328
110220,590757
110290,1375954
110311,91215
110313,3070035
110419,81
110429,121123
110510,179665
110520,61973
110610,1588
110620,72213
110630,20988
110710,48704449
110720,34951531
110811,18022
110812,55460
110813,121265
110814,163922
110819,54421
110900,30080
120110,89842
120190,139970
120241,35513
120242,69723
120590,15841
120600,2849
120710,32748
120740,11023
120770,347
120799,1465
120810,3607
120890,845
120929,2852
120991,1731552
120999,16363
121010,1006
121020,521762
121120,39360
121190,6022
121221,208844
121229,27111
121293,6165
121299,172201
130190,37
130213,4306898
130220,10568
130239,72684
140490,44151
150110,1467
150120,11637
150290,796
150300,2210
150600,226311
150710,18361
150790,137875
150890,54713
150910,272113
150990,162680
151000,15354
151110,283868
151190,3308837
151211,34687
151219,2254093
151229,27402
151319,22734
151321,13988
151419,20056
151499,27828
151519,40404
151529,66517
151530,859
151550,46632
151590,820040
151610,188746
151620,4037115
151710,2039082
151790,487525
151800,1578665
152110,19671
152190,23894
160100,2507051
160210,198319
160220,579
160231,2065
160232,2495051
160239,96572
160241,324687
160242,200
160249,539210
160250,28877
160290,57182
160300,5076
160411,8004
160412,407399
160413,1251893
160414,555534
160415,3481817
160416,18939
160417,1253
160419,5381
160420,2278502
160431,70358
160432,2325
160510,7100
160521,1320655
160529,46894
160530,899
160540,5193
160551,670
160552,275
160554,86125
160555,3753
160556,684
160557,3249
160559,1249
160569,586648
170112,12000
170113,3397
170114,1826593
170191,1527
170199,21687068
170211,255766
170219,65404
170220,80332
170230,815493
170250,439
170260,55089
170290,2177614
170310,4334
170390,1191
170410,1401161
170490,17331530
180100,297883
180200,13668
180400,587
180500,205281
180610,109828
180620,3164673
180631,157378
180632,58218
180690,1843634
190110,85897549
190120,1191417
190190,14310637
190211,169845
190219,15489570
190220,2548180
190230,11342673
190240,56
190300,33186
190410,428219
190420,272277
190490,328163
190510,130819
190531,8460089
190532,7696193
190540,1258274
190590,20333037
200110,61736
200190,43421
200210,60291
200290,97696
200310,43791
200390,168944
200410,332891
200490,31371
200510,103025
200520,2649158
200540,70713
200551,62480
200559,29914
200560,266
200570,49490
200580,44037
200591,26866
200599,336148
200600,38531
200710,431622
200791,6170
200799,1715676
200811,157470
200819,320315
200820,7457
200830,14148
200870,826
200893,2484
200897,93083
200899,977584
200912,158631
200919,669050
200921,3223
200929,6194
200931,2630
200939,76294
200941,61802
200949,89756
200950,16558
200961,63790
200969,15761
200971,146215
200979,286613
200981,30221
200989,377466
200990,1556102
210111,692740
210112,3135725
210120,742203
210130,2851
210210,195182
210220,46383
210230,247465
210310,3492197
210320,1061741
210330,193738
210390,25877143
210410,337590
210420,417819
210500,5160234
210610,495943
210690,62833714
220110,3426735
220190,1206424
220210,208758769
220291,926
220299,90597165
220300,26054783
220410,225334
220421,2065727
220422,184308
220429,84693
220430,28038
220510,696438
220590,75546
220600,523254
220710,286
220720,23859
220820,5367382
220830,4949341
220840,25016
220850,31946
220860,273154
220870,149269
220890,1684195
220900,424658
230110,667326
230120,6634281
230210,3310241
230230,782030
230240,439631
230250,21488582
230310,1582764
230330,10627888
230400,25544289
230500,397985
230641,34670
230649,918376
230650,192811
230660,4446563
230690,17525198
230800,9707633
230910,1356676
230990,109932737
240110,5267824
240120,5740055
240130,2440398
240210,228775
240220,233225834
240290,13793
240319,7419226
240391,164947
240399,212305
250100,4531522
250300,138562
250410,675
250490,6470
250510,70482
250590,392263
250610,8402
250700,367993
250810,323072
250830,10924
250840,296924
250900,819
251020,162
251110,38371
251200,66836
251310,1242348
251320,113878
251512,19369
251612,6
251690,40047
251710,23101
251741,37224
251749,376690
251990,546
252010,13877823
252020,2545929
252100,2386876
252210,764451
252220,47997
252230,42000
252310,16453417
252321,3457814
252329,98244915
252330,3681
252390,14915768
252490,43625
252510,2520
252520,4831
252610,930
252620,536424
252910,9469
253010,1809
253090,63698
260111,1680
260112,25002
260300,17600075
260700,122553
261510,14301
261690,206965
261800,542
261900,1334
262030,1505
262099,3781
262190,368348
270111,6607
270112,35677
270119,403914623
270120,37539
270220,271740
270400,74248
270720,2248
270740,54973
270750,29470
270799,7870
270900,33173
271012,611298624
271019,1111711508
271111,160853014
271119,2619
271129,1650
271210,33645
271220,86388
271290,39600
271320,8527501
271390,112
271490,19806520
271500,233125
271600,50981201
280110,246799
280120,7280
280200,73146
280300,2740004
280421,1023763
280429,16629
280430,1044397
280440,775138
280461,5707
280469,70825
280512,112451
280519,4968
280610,552679
280700,380814
280800,24644
280920,211443
281000,140
281111,37422
281119,342837
281121,2716341
281122,1678070
281129,52104
281410,93173
281420,89327
281511,1812696
281512,888666
281520,47073
281610,1521
281700,498935
281810,4523
281820,67219
281830,43915
282010,660
282090,2397
282110,68231
282120,48015
282300,2076512
282540,140
282550,44730
282560,9739
282590,61850
282619,1286
282710,17568
282720,421510
282731,8382
282732,2125835
282739,125795
282749,5052
282810,881249
282890,117936
282911,11976
282990,53322
283010,36997
283090,28400
283110,306465
283190,6316
283210,279574
283220,282888
283230,328683
283311,253725
283319,216856
283321,5647
283322,273222
283329,38624
283330,194381
283340,215370
283429,3358193
283522,3754
283525,238036
283526,152622
283529,72741
283531,101280
283539,42267
283620,3668559
283630,137067
283640,4676
283650,4433184
283692,1566
283699,343204
283720,5910
283911,3709
283919,555
283990,189748
284011,46944
284019,2332
284020,240
284161,31717
284210,15539
284290,119491
284329,1336
284390,18817
284440,59675
284700,600634
284920,445301
284990,32842
285290,2405
285390,26086
290122,4330
290129,16200
290219,26017
290230,892230
290241,17678
290250,16025
290290,35659
290311,15223
290312,148509
290319,27381
290322,57740
290323,753940
290329,3199
290339,187448
290371,153659
290399,944
290410,477
290432,7618
290499,71011
290511,40043
290512,74253
290514,4700
290519,52526
290529,110207
290531,3113
290532,186818
290539,309
290544,148152
290545,64004
290549,13104
290559,479
290611,102521
290629,38131
290729,39852
290919,10707293
290920,2553
290930,15900
290941,2030
290943,20662
290944,3391
290949,18750
290960,5390
291010,77408
291090,1828
291211,918444
291212,110391
291260,92895
291411,182372
291412,32508
291413,4663
291422,15942
291439,875
291469,2527
291511,110018
291512,2550
291521,342438
291529,37248
291531,57483
291533,200843
291539,133207
291560,34158
291570,58339
291590,35494
291611,2400
291619,24682
291631,137500
291632,23
291639,139834
291711,132311
291712,208405
291719,8521
291734,34078
291739,14330
291811,106587
291812,38627
291814,2324885
291815,63474
291816,593007
291819,6651
291822,1100
291829,629
291830,771
291899,850
291910,22512
291990,1228
292011,1402
292023,3505
292029,11320
292030,24792
292090,28040
292111,7644
292114,19315
292119,1407
292121,9583
292129,16621
292130,8192
292142,370989
292149,14090
292159,11393
292212,254648
292215,25852
292219,70118
292221,3635
292229,81175
292239,975
292241,774316
292242,16218502
292249,3006538
292250,19707
292310,173001
292320,46370
292419,2100
292429,598497
292511,8014
292529,5217
292610,23368
292620,13452
292700,118425
292910,2825731
292990,1611566
293020,1543
293030,7900
293040,810799
293070,15411
293090,12882
293190,156933
293219,3500
293299,83785
293319,7404
293321,1056
293329,128852
293331,13770
293333,19875
293339,91073
293349,19459
293353,3400
293359,165920
293361,167501
293369,17966
293391,16278
293399,2475513
293410,12007
293420,76290
293430,33396
293491,961
293499,34890
293590,96965
293621,7570
293622,76452
293623,4544
293624,6962
293625,62542
293626,57367
293627,26592
293628,22826
293629,2391
293690,441723
293721,23928
293729,4753
293790,2975
293890,18260
293911,85288
293930,55878
293944,13715
293980,250
294000,1700
294110,941708
294130,85427
294140,3500
294150,254278
294190,640269
294200,661899
300190,260
300211,408688
300212,59631
300213,175
300215,41211
300219,2020
300220,12350083
300230,16157361
300290,291154
300320,24331
300349,60749
300390,1334717
300410,1358216
300420,1008746
300431,1105467
300432,249029
300439,579559
300449,234090
300450,527126
300490,186128847
300510,819297
300590,3176621
300610,115432
300620,64254
300640,373627
300650,10908
300660,4528639
300670,8206
300691,1219
300692,21303
310100,10766007
310210,54845083
310221,466434
310229,25759620
310230,361040
310250,30561
310260,18230
310280,328742
310290,234230
310311,113078
310390,77697380
310420,2086832
310430,37500
310490,3162434
310510,2457376
310520,9847553
310530,1124716
310540,3492497
310559,1564771
310560,123923
310590,21932743
320210,188139
320290,134562
320300,42343
320411,3821192
320412,156496
320414,167167
320415,12804
320416,1318075
320417,1094038
320419,22294
320420,188265
320490,2279919
320500,11967
320611,3020899
320619,925915
320620,91974
320641,50276
320649,215926
320650,1538943
320710,278436
320720,2595642
320730,8009
320740,76249
320810,1465013
320820,1402953
320890,14735124
320910,6702394
320990,8403823
321000,3115699
321100,2092
321210,15673
321290,1615267
321310,14504
321390,10893
321410,3086399
321490,3971312
321511,571970
321519,9512862
321590,5152971
330112,6379
330119,4821
330129,4785
330190,63879
330210,10794878
330290,1337692
330300,2522702
330410,985925
330420,309136
330430,35119
330491,1125965
330499,33043486
330510,21435410
330520,2
330530,63446
330590,7947585
330610,3684841
330620,23569
330690,1495924
330710,52858
330720,5905711
330730,499272
330741,462157
330749,1419247
330790,637620
340111,5654704
340119,1653047
340120,2445692
340130,6923962
340211,842801
340212,68493
340213,393015
340219,437598
340220,31455494
340290,15200766
340311,1895689
340319,801885
340391,557074
340399,779541
340420,104208
340490,1698737
340510,349818
340520,92473
340530,114348
340540,129920
340590,387943
340600,383036
340700,10126
350110,55
350190,57052
350220,23552
350300,2173295
350510,5469591
350520,13192054
350610,1163923
350691,2949840
350699,15182696
350790,1353226
360200,77830
360300,642171
360410,602013
360490,1480000
370110,252109
370130,714692
370191,12621
370199,65203
370210,23555
370254,6168
370310,9546
370390,116391
370400,186
370500,287
370710,10144
370790,116172
380190,1632
380210,295375
380290,888853
380400,186490
380510,647
380590,53978
380690,115909
380852,66368
380859,47525337
380861,109367
380862,197828
380869,41513
380891,21621210
380892,3813339
380893,17365499
380894,2252121
380899,14633713
380910,723749
380991,9115150
380992,14286
380993,939760
381010,626073
381090,864598
381119,483573
381121,32178
381129,160338
381190,1039559
381210,169934
381220,3539794
381239,10248792
381300,4580
381400,3525912
381519,128757
381590,226435
381600,2409692
381800,1291073
381900,597575
382000,227430
382100,18108
382200,10540320
382311,105290
382319,16782
382370,53866
382410,159404
382440,14582330
382450,152393
382460,13042
382471,94233
382474,42914
382478,69569
382479,18865
382491,370607
382499,10312703
382530,152
382590,19315
390110,21630140
390120,4453169
390130,2142813
390140,5809
390190,4857171
390210,46245819
390220,13822
390230,567697
390290,4168875
390311,4969638
390319,5636059
390320,505558
390330,2557894
390390,1172326
390410,64074259
390421,2470636
390422,13318967
390430,169868
390440,1071828
390461,16350
390469,183409
390490,714758
390519,131371
390521,30544
390529,320870
390530,46207
390591,696867
390599,583922
390610,770870
390690,2620965
390710,17058
390720,6001456
390730,4398389
390740,7107281
390750,8998191
390761,16720
390769,11249478
390791,637025
390799,7848700
390810,360962
390890,638815
390910,3291718
390920,302996
390931,524187
390939,739785
390940,9137608
390950,2995708
391000,1772554
391110,19200
391190,143074
391212,86
391220,301731
391231,92161
391239,96959
391290,443281
391310,703
391390,80088
391400,223999
391530,244
391590,29861
391610,73496
391620,431625
391690,325595
391710,1622685
391721,8917854
391722,385324
391723,6900455
391729,9027766
391731,1197675
391732,426935
391733,21604
391739,4303845
391740,2442376
391810,1323251
391890,1014428
391910,31789391
391990,9112896
392010,10377503
392020,21594037
392030,1067181
392043,1007597
392049,996174
392051,49981
392059,48122
392061,230580
392062,778145
392063,461092
392069,348998
392071,20114
392073,32209
392091,324642
392092,18125
392093,27320
392094,382
392099,2541629
392111,35974879
392112,16266489
392113,44191112
392114,16528
392119,3816937
392190,29851216
392210,259120
392220,23577
392290,152790
392310,18189295
392321,27492066
392329,4419037
392330,15627347
392340,814142
392350,8142352
392390,17782042
392410,7528883
392490,6077638
392510,807820
392520,779909
392530,459633
392590,3448863
392610,1677919
392620,3435159
392630,1389657
392640,4342671
392690,129921851
400110,209906
400121,118434
400122,5806
400129,2839428
400130,94400
400211,5990847
400219,3966376
400220,865990
400231,4650
400249,225037
400251,217176
400259,568947
400260,111968
400270,86671
400280,109541
400291,670254
400299,770809
400300,1246400
400510,110100
400591,1639823
400599,178898
400690,19520
400700,521490
400811,3883729
400819,151064
400821,2712467
400829,1296639
400911,1601513
400912,207890
400921,2473205
400922,693242
400931,100766
400932,10150
400941,65038
400942,122224
401011,70879
401012,62744
401019,647230
401031,24655
401032,710093
401033,48070
401035,3681
401036,15057
401039,898442
401110,6382891
401120,5977211
401130,536361
401140,2971245
401150,15475706
401170,4542493
401180,26033
401190,2247549
401211,2000
401212,249625
401213,252386
401219,24610
401220,234056
401290,641541
401310,120123
401320,4181535
401390,737350
401410,950250
401490,211047
401511,218805
401519,756824
401590,9700173
401610,9665189
401691,89289
401692,143629
401693,4418208
401694,210679
401695,62735
401699,85396532
401700,7711
410150,31277
410190,1797750
410330,1910576
410411,2343354
410419,2197126
410449,57354429
410530,428592
410622,8219
410711,53008
410712,7413
410719,3092393
410792,429987
410799,24487426
411200,756154
411310,2840968
411320,6155620
411330,51816
411390,18996645
411420,4005
411510,182873794
411520,887965
420100,16051
420211,1141262
420212,1135702
420219,425994
420221,376691
420222,1643027
420229,1293966
420231,40026
420232,190472
420239,988061
420291,174832
420292,2290526
420299,12565271
420310,14518
420321,3673
420329,1297564
420330,1038206
420340,3294739
420500,2715807
430110,254639931
430130,316713
430160,597440
430180,10032165
430219,152481
430220,1094
430400,1259043
440131,604762
440139,1583853
440140,7690
440290,47088
440321,12553
440326,19888
440349,812069
440391,2793961
440398,1452840
440399,2343273
440719,1045192
440722,593955
440726,247187
440791,1086352
440794,6203
440799,548786
440810,33304480
440839,280630
440890,24338287
440910,46977
440921,24757
440922,25202
440929,1612941
441011,4872763
441012,2914138
441019,330595
441090,3112690
441112,510838
441113,1942780
441114,4833025
441192,130575
441193,139670
441194,156865
441210,2490493
441231,145111
441233,4987200
441234,732240
441239,52104154
441294,5839507
441299,33734150
441300,76090
441400,4514359
441510,163033
441520,1746553
441600,5016
441700,345700
441810,220377
441820,4140612
441840,528539
441850,227214
441860,105166
441873,177102
441874,70535
441875,4850
441879,459367
441891,46428
441899,561420
441911,23007
441912,309062
441919,12665
441990,61424
442010,267603
442090,835937
442110,201246
442191,32002
442199,619437
450190,395844
450200,23082
450310,17113
450390,5644
450410,2775
450490,8555
460121,738
460129,22047
460192,900
460194,4674
460199,21617
460211,17811
460212,11482
460219,6155
460290,44
470200,123512
470321,111934
470500,11813
470691,19420
470790,12309
480100,3242729
480210,436691
480220,2051371
480240,128708
480254,415551
480255,3218568
480256,1183172
480257,4718523
480258,952728
480261,1194729
480262,316914
480269,2241905
480300,11749327
480411,4218115
480419,23525797
480421,2719727
480429,729718
480431,416367
480439,895308
480441,763809
480449,7479
480451,28875
480452,578543
480459,1329336
480511,973974
480519,17489121
480524,10671100
480525,24967732
480530,3964116
480540,246442
480591,5561255
480592,2555049
480593,642204
480610,1195
480620,18835
480630,63929
480640,31968
480700,79729
480810,1812916
480840,4634665
480890,7180760
480920,951511
480990,2824050
481013,1154486
481014,17985
481019,1653582
481022,457684
481029,1935526
481031,725088
481032,3531472
481039,29370
481092,2159179
481099,14759214
481110,1709407
481141,1624633
481149,80132
481151,544392
481159,27681757
481160,50171
481190,5898594
481200,50207
481310,55525
481320,695760
481390,2984959
481420,5757644
481490,139336
481620,339
481690,1829021
481710,179243
481720,98792
481730,231871
481810,8592802
481820,5307587
481830,9175
481850,3590802
481890,2622219
481910,44008825
481920,45813084
481930,432482
481940,1260638
481950,4711803
481960,708008
482010,8462720
482020,2419809
482030,153973
482050,2616
482090,237362
482110,97589434
482190,2255555
482210,1560796
482290,777546
482320,3185033
482340,983930
482369,3778426
482370,56964
482390,11186117
490110,70687
490191,9087
490199,2752627
490210,24120
490290,24637
490300,182576
490400,2070
490510,3886
490591,27714
490599,8670
490600,77445
490700,59469
490810,3671101
490890,18579194
490900,2400
491000,55348
491110,1782467
491191,892988
491199,7260741
500400,118667
500500,365
500600,129151
500710,2834011
500720,67710
500790,233289
510119,7749
510129,2691
510219,90546
510529,63917
510539,3080
510710,22233
510720,27370
510910,45
510990,3719154
511111,15253
511119,35291
511120,2568
511130,1724
511190,258695
511219,350046
511230,12914450
511290,18434632
520100,655300
520299,63499
520300,67436
520411,46339
520419,6477622
520420,1249
520511,103485
520512,11308913
520514,34001
520515,429134
520522,629
520523,9003335
520528,672101
520532,1809
520541,27828
520543,1623
520548,6009
520611,16379
520612,12673665
520622,3300
520642,19410
520644,38205
520710,44366
520790,111716
520811,77383
520812,9493
520819,2829360
520822,1638
520829,33993977
520831,244223
520832,328569
520839,1042
520842,18602775
520849,728715
520851,1604129
520852,158432
520859,5172945
520911,1538640
520912,14949
520919,4725064
520922,138
520929,268643274
520932,700
520939,1385424
520941,50806
520942,59766042
520951,10614
520952,31013
520959,122174
521011,10249
521019,37926
521029,1345
521041,184
521049,6173
521059,565476
521119,119876
521131,254515
521139,382310
521142,192694243
521149,7128424
521159,199998
521211,49858
521212,4520
521215,240
521223,123714
521225,2505176
530210,432
530290,13378
530310,1586
530500,71764
530620,8608
530890,534301
530919,20605
530929,27087
531010,383
531090,301672
531100,10765
540110,27365861
540120,2106318
540219,3664835
540220,92566
540231,15173
540232,249714
540233,4658783
540234,50693
540239,236468
540244,1832673
540245,192527
540247,42039
540249,6548046
540251,105
540252,26750
540259,18342
540261,40306
540262,99871
540269,87067
540331,7703
540341,40135
540349,3421
540411,1071612
540412,32614
540419,145461
540490,52933
540600,80784
540710,27926637
540720,3616617
540741,21600659
540742,534176
540751,11591
540752,941978
540753,24125
540754,40526
540761,5676939
540769,14342426
540771,3176689
540772,7000
540773,4217
540774,2428162
540782,3917
540792,35174
540793,63268
540794,7318
540810,404990
540821,21949
540832,115307
540833,1225227
550120,34
550190,173512
550210,130980
550290,526723
550319,254866
550320,180808
550330,12
550340,11256
550390,239264
550410,51887
550490,25990
550610,670
550620,193624
550630,4035
550810,41304046
550820,324518
550912,1756
550922,48
550932,205078
550941,105652
550952,4172
550959,114402725
550961,126
550969,3654
550991,25191
550999,6381182
551090,88012503
551110,522203
551219,412162
551229,111841
551299,132610
551311,533109
551313,2654541
551319,4917519
551321,5209
551323,4474
551329,117581
551331,30365
551339,52965
551341,1895277
551349,124564
551412,390
551443,15706861
551449,36629
551511,44792
551512,129
551513,613503
551519,55619763
551529,156168870
551599,516889202
551612,843
551614,60330
551622,1235
551624,478549
551632,192267
551694,316
560121,812758
560122,6430577
560129,846860
560130,2001059
560210,259254
560229,62541
560290,595991
560311,2266494
560312,3608758
560313,1161641
560314,1705691
560391,1962338
560392,496975
560393,405942
560394,10569831
560410,1866497
560490,6514143
560500,6301
560600,11601314
560721,10284
560729,20683226
560741,41833
560749,1948073
560750,1205277
560790,3387683
560811,484604
560819,184235
560890,470009
560900,1628664
570110,457267
570190,248321
570231,14663
570232,37577
570239,114964
570241,74333
570242,189241
570249,1702
570291,112001
570292,7265
570299,25719
570310,269652
570320,88948
570330,72317
570390,224401
570490,977360
570500,1258834
580110,214165
580121,7726
580122,47401
580126,595306
580132,2026
580133,17595
580136,129
580137,234231
580190,184470
580219,2567080
580220,68576
580230,25139
580300,22912
580410,1021688
580421,222956
580429,25670087
580430,6383412
580500,29761
580610,1654697
580620,2256542
580631,25801856
580632,14553476
580639,66636306
580640,108820
580710,68200944
580790,21682686
580810,580984
580890,752104
580900,2110579
581010,1480153
581091,14122
581092,867289
581099,651294
581100,7945117
590110,521
590190,7122156
590210,1275393
590220,5917
590290,1904524
590310,59775388
590320,32341765
590390,76187183
590490,10560
590500,1434
590610,228505
590691,3465285
590699,1065224
590700,3444570
590800,3930
590900,31220
591000,499322
591110,57193
591120,50293
591131,8658
591132,18407
591140,100
591190,6222791
600110,980621
600121,706
600122,276
600129,12751663
600191,6077023
600192,716418
600199,528958
600240,1616165
600290,65585278
600320,5024299
600330,115751
600390,301
600410,97879875
600490,1305035547
600521,1046
600522,15822
600536,374850
600537,56703
600590,3080544
600621,56735
600622,424446
600624,44670
600631,6753504
600632,30388301
600633,17999
600634,103572
600642,11034
600643,11025
600644,69
600690,1144702169
610120,19128
610130,13407
610190,4891798
610220,16674
610230,10726
610290,51717
610310,309
610322,4526
610329,10091
610332,1748
610333,4894
610339,9853
610342,56162
610343,110247
610349,52164
610413,323
610419,43032
610422,9805
610429,480263
610431,72
610432,3036
610433,6563
610439,7914
610442,105220
610443,79205
610444,13340
610449,139685
610452,4140
610453,9327
610459,12325
610461,72
610462,66517
610463,135432
610469,40656
610510,365303
610520,102354
610590,246692
610610,131150
610620,161381
610690,44208
610711,103978
610712,19707
610719,2781
610721,32
610722,80
610729,429
610791,3814
610799,19282
610819,12450
610821,4588
610822,14973
610829,9503
610831,488
610832,740
610839,2463
610899,2557
610910,1690380
610990,1940703
611011,6016
611012,77
611019,28098
611020,186856
611030,78576
611090,134908
611120,27716
611130,3765
611190,84914
611211,491
611212,227
611219,2423
611231,10649
611239,685
611241,49424
611249,23889
611300,354212
611420,5685
611430,41524
611490,218398
611510,138397
611521,3259
611522,1164
611529,64348
611530,6496
611594,25
611595,73023
611596,51627
611599,200602
611610,302629
611691,60
611692,28983
611693,20142
611699,116057
611710,48077
611780,113236
611790,11244975
620112,6075
620113,3578
620119,986749
620192,536
620193,25874
620199,101620
620211,397
620212,15135
620213,17726
620219,39809
620292,1323
620293,16916
620299,25333
620311,1958
620312,20346
620319,182984
620322,4844
620323,1506
620331,1664
620332,27458
620333,27546
620339,14170
620341,935
620342,639523
620343,310273
620349,327143
620411,92
620412,414744
620413,21723
620419,84764
620422,914
620423,3764
620431,521
620432,54894
620433,86467
620439,62300
620442,121237
620443,179932
620444,67769
620449,101597
620451,8510
620452,33342
620453,25217
620459,107030
620461,674
620462,432061
620463,166008
620469,361663
620520,688102
620530,16680
620590,291118
620610,4001
620620,28692
620630,202175
620640,258219
620690,127157
620711,12834
620719,12535
620721,1611
620729,1700
620791,1319
620799,73185
620819,13638
620829,1603
620891,1832
620892,44
620899,24855
620920,13484
620930,401
620990,3046
621010,872015
621020,56570
621030,29353
621040,81163
621050,1980783
621111,44370
621112,15069
621132,36683
621133,22174
621139,61591
621142,23991
621143,81148
621149,57435
621210,309752
621220,391228
621290,645154
621320,11005
621390,106097
621410,115392
621420,773
621430,10072
621440,445
621490,11031
621510,230415
621520,4527
621590,98249
621600,101477
621710,4163572
621790,70343511
630110,10197
630120,2761465
630130,6559595
630140,521075
630190,3157915
630210,171601
630221,65118
630222,130431
630229,100
630231,52992
630232,12714
630239,1358
630240,935
630251,21722
630253,6269
630259,46704
630260,1172799
630291,70514
630293,15382
630299,264157
630312,4171
630319,87325
630391,714
630392,11220
630399,254533
630419,1000883
630420,11215
630491,280740
630492,179357
630493,1538
630499,5356
630510,108908
630520,6239
630532,163758
630533,23396364
630539,113102
630590,713068
630612,27369
630619,517807
630622,163464
630629,966062
630630,700
630640,20861
630690,277378
630710,276483
630720,44088
630790,4654761
630800,5544
630900,74080382
631010,33402
631090,433228
640110,49453
640192,2470
640199,163636
640212,810
640219,1887403
640220,236687
640291,80824
640299,5359282
640319,1255673
640320,187183
640340,148002
640359,172574
640391,60608
640399,1326236
640411,859622
640419,3837331
640420,463452
640510,113934
640520,81908
640590,275950
640610,27113190
640620,98462564
640690,40103221
650400,65803
650500,243086
650610,1701160
650691,25364
650699,122838
650700,703404
660110,310139
660191,21196
660199,524069
660200,32562
660320,5736699
660390,5225760
670100,374411
670210,409924
670290,78897
670300,2226
670419,1095
670490,43796
680100,88005
680210,21279
680221,2151997
680223,123905
680229,1468905
680291,5927232
680293,544543
680299,228105
680410,157451
680421,406760
680422,595980
680423,143752
680430,375386
680510,213790
680520,375322
680530,553988
680610,3402872
680620,844
680690,2191240
680710,1290289
680790,799065
680800,2244846
680911,8415013
680919,5520588
680990,2091848
681011,1440107
681019,13286663
681091,3010511
681099,9124620
681140,2137020
681181,291085
681182,5971338
681189,35404
681280,487790
681292,24
681293,42164
681299,42446
681320,44921
681381,90935
681389,213576
681490,12260
681510,460928
681520,20
681599,504077
690100,655743
690210,1972809
690220,746524
690290,3693165
690320,122675
690390,13066
690410,502472
690490,971227
690510,1927280
690590,224921
690721,121487181
690722,3521867
690723,763706
690730,1394684
690740,6699988
690911,41700
690919,313656
690990,114422
691010,899106
691090,21374926
691110,12360502
691190,1238912
691200,13991522
691310,302362
691390,82573
691410,99133
691490,3195719
700231,19067
700232,5404
700239,2576
700312,104002
700319,53070
700330,74759
700420,135563
700490,375627
700510,1713104
700521,10543209
700529,18525800
700530,700
700600,136027
700711,199852
700719,9017784
700721,146226
700729,726414
700800,10529718
700910,119019
700991,3494159
700992,186234
701010,17605
701020,790
701090,12470005
701110,22860
701190,45433
701310,481155
701322,11
701328,1511367
701333,6243
701337,2782410
701341,89547
701342,12
701349,285575
701391,8408
701399,242363
701400,1743
701590,1391
701610,36166
701690,1010624
701710,19545
701720,452
701790,79180
701810,13708
701890,156110
701911,219615
701919,90997
701932,2177
701939,561916
701940,32495
701959,457585
701990,2342764
702000,664463
710110,1500
710229,4337534
710231,49843863
710239,337021
710490,3136
710510,43535
710610,7577
710812,92656114
711299,58
711311,3556504
711319,189620
711320,2237
711590,438976
711610,151
711620,12355
711711,522098
711719,1271661
711790,32802
711810,5
720150,11478
720219,1799
720229,4167
720230,515031
720249,69317
720293,27442
720299,494948
720390,2963589
720421,153558
720429,58135
720449,4050
720510,46069
720521,23211
720529,1288020
720610,42399
720690,27624
720712,10209
720720,65207
720810,1396931
720827,900579
720836,172412
720839,25761
720851,2138496
720852,3331165
720853,300
720854,36433
720890,1133351
720915,21864579
720916,2314021
720917,174748
720918,1973693
720925,6816701
720926,19401
720928,2397453
720990,1017664
721011,9736519
721012,7647306
721020,764025
721030,873598
721041,2848420
721049,39454007
721050,222538
721061,15714155
721069,195084
721070,2673947
721090,3129626
721113,288663
721114,163802
721119,356237
721123,654059
721129,33822
721190,391304
721210,500606
721220,66279
721230,943691
721240,795209
721250,1581907
721260,102790
721310,1940317
721320,34626
721391,4915461
721399,30038064
721410,57060081
721420,21452949
721430,69891
721491,17139
721499,829293
721510,70196
721550,22718
721590,13225403
721610,9829479
721621,2174312
721622,142285
721631,2990084
721632,9536911
721633,5788765
721640,4124692
721650,1692914
721661,441198
721669,743497
721691,560709
721699,4003495
721710,9459935
721720,977912
721730,124747
721790,3325122
721899,100549
721911,15959
721912,765602
721913,60
721914,44272
721921,5070
721923,5938
721924,39340
721931,685452
721933,25886
721934,277611
721935,336492
721990,807275
722011,80726
722012,334598
722020,643550
722090,1271898
722100,612386
722211,8866
722219,5916198
722220,2615451
722230,807282
722240,1380493
722300,326579
722490,811
722519,1645636
722530,25281160
722540,8939608
722550,5721
722591,18112
722599,543374
722611,18590
722619,304
722620,37985
722691,68888
722699,4715730
722710,131
722720,998725
722790,16972989
722810,366819
722820,102625
722830,65771379
722840,767
722850,30325
722860,917474
722870,101669
722880,51717
722920,314869
722990,8178915
730110,5172429
730120,729161
730210,1966239
730240,260254
730290,172679
730300,29265067
730411,459836
730419,8535219
730422,207714
730423,126658
730424,5970
730429,1605431
730431,32734765
730439,2403042
730441,36019
730449,975527
730451,264748
730459,146722
730490,5061942
730511,8000
730512,18536
730519,1126821
730531,4939674
730590,2056963
730611,1547226
730619,890753
730621,779277
730629,279178
730630,12959219
730640,2384803
730650,381111
730661,3735843
730669,300983
730690,5210129
730711,4762784
730719,3677975
730721,772373
730722,1589852
730723,93122
730729,587198
730791,730671
730792,1073993
730793,953792
730799,2435015
730810,30873630
730820,21811976
730830,11672911
730840,23542946
730890,87581679
730900,5699095
731010,1157721
731021,599808
731029,1946421
731100,8781305
731210,6614023
731290,4431872
731300,911787
731412,59716
731414,240440
731419,1532333
731420,84261
731431,234190
731439,806145
731441,137913
731442,1456
731449,911891
731450,43808
731511,6354793
731512,502854
731519,66362
731520,29845
731581,2425
731582,130693
731589,1332052
731590,70234
731600,1369060
731700,974160
731811,3120678
731812,8054378
731813,91073
731814,413964
731815,11225261
731816,1030226
731819,1973814
731821,3339675
731822,377796
731823,4938234
731824,465228
731829,8688074
731940,125577
731990,994468
732010,563968
732020,1212287
732090,691997
732111,1854317
732112,5837
732119,180076
732181,8534
732189,5080
732190,99252
732219,61109
732290,413984
732310,32730
732391,600138
732392,180
732393,1918412
732394,270169
732399,936806
732410,3524979
732421,35588
732429,21863
732490,323673
732510,992594
732591,354619
732599,909508
732611,339002
732619,286218
732620,2076886
732690,29897005
740100,780463
740200,6137216
740311,35926
740319,28199
740400,62011
740610,17470
740620,3013337
740710,147171
740729,731871
740811,1000260
740819,27797080
740821,23273
740829,1120568
740911,110790
740919,80270
740921,2295866
740929,688136
740931,46350
740939,4373
740990,338030
741011,7635
741012,14446
741021,463036
741110,103213
741129,413444
741210,15459
741220,130118
741300,8979402
741510,1039874
741521,119
741529,1393
741533,4163894
741539,525934
741810,3715
741820,5595
741991,13614
741999,420545
750110,152716
750210,117216
750522,27909
750610,1103
750620,48660
750712,3109
750720,23858
750890,62996
760120,15871028
760200,50980
760310,19444
760320,153
760410,8250027
760421,4001146
760429,816054
760519,7490
760529,333261
760611,3414995
760612,150376702
760691,2871
760692,935519
760711,762070
760719,6207617
760720,4990295
760810,8483190
760820,7306314
760900,621877
761010,13557880
761090,9271396
761100,12458
761210,5918
761290,81568431
761300,267403
761410,823602
761490,46109641
761510,1529702
761520,2296
761610,94544
761691,122677
761699,5835043
780199,19633
780419,47220
780600,696247
790120,5515
790390,4199
790400,164609
790500,1225672
790700,2802274
800110,57315
800120,54283
800300,848539
800700,24038
810110,183175
810196,360689
810199,3168424
810296,6044
810419,17169
810490,16
810590,9669
810890,199881
811100,64831
820110,3807198
820130,4353830
820140,11880
820150,4258
820160,19746
820190,37617
820210,306340
820220,121626
820231,4522
820239,130565
820291,4004
820299,364241
820310,19312
820320,171532
820330,386780
820340,840163
820411,328607
820412,126294
820420,1328589
820510,737001
820520,87733
820530,8205
820540,100905
820551,58899
820559,6442334
820560,779
820570,1052237
820590,704462
820600,916835
820719,82125
820720,1069342
820730,1412078
820740,5892
820750,775872
820760,137559
820770,8645
820780,7480
820790,1338000
820810,146422
820820,16008
820830,19859
820840,76695
820890,1760616
820900,266904
821000,105365
821110,336
821191,152065
821192,62214
821193,277849
821194,322466
821195,514
821210,840316
821220,31735
821300,236188
821410,50286
821420,38348
821490,43247
821510,102510
821520,1996
821591,2926
821599,295903
830110,1318492
830120,65001
830130,77658
830140,2375990
830150,43733
830160,70878
830170,6505
830210,1013240
830220,1723903
830230,987683
830241,4215136
830242,1384346
830249,1421138
830250,5943858
830260,274024
830300,2071167
830400,227730
830510,106031
830520,897773
830590,294464
830610,209046
830621,200
830629,1587634
830630,76766
830710,805562
830790,163088
830810,19791714
830820,4023888
830890,60981136
830910,342342
830990,20464013
831000,4747017
831110,3575493
831120,448515
831130,6833245
831190,1051504
840110,400
840140,599
840211,593082
840212,925671
840219,8879564
840220,148960
840290,3047515
840310,1166079
840390,266893
840410,559856
840420,1504
840490,396047
840510,1347142
840590,513010
840681,232000
840682,346360
840690,443965
840710,5000000
840721,211398
840729,27044
840731,630
840732,3591
840733,5227
840734,52416
840790,18890265
840810,68206
840820,3153229
840890,423613
840910,1234
840991,289088
840999,1068945
841013,10954
841090,46870
841111,38121
841121,570708
841181,191046
841182,10013666
841191,8439
841199,13073
841210,131
841221,31862
841229,725540
841231,79906
841239,177101
841280,112300
841290,670228
841311,2347529
841319,795732
841320,17659305
841330,1168883
841340,940280
841350,616565
841360,1326576
841370,35334213
841381,3967020
841382,39474
841391,1871844
841392,29176
841410,1027911
841420,918744
841430,2136626
841440,4108301
841451,5534872
841459,5340354
841460,1613345
841480,1653131
841490,3219963
841510,22861370
841520,44097
841581,828411
841582,574246
841583,835199
841590,2015980
841610,7707
841620,19692
841690,108102
841710,1959937
841720,76685
841780,1535517
841790,2888425
841810,13618772
841821,556247
841829,78938
841830,2272819
841840,1647850
841850,8245161
841861,38274
841869,10653529
841891,68168
841899,4851327
841911,444574
841919,457398
841920,797466
841931,8068478
841932,1374899
841939,4919163
841940,155523
841950,4033643
841960,619587
841981,930846
841989,11203850
841990,7287460
842010,820350
842091,99391
842099,9498
842112,219787
842119,1433016
842121,10254771
842122,554477
842123,1009105
842129,1214094
842131,369567
842139,4097388
842191,81176
842199,5055163
842211,35897
842219,463900
842220,215683
842230,4854408
842240,6973037
842290,14299716
842310,50672
842320,223643
842330,261187
842381,156567
842382,465622
842389,377926
842390,159844
842410,959167
842420,2404153
842430,375868
842441,5415111
842449,245106
842482,1188661
842489,2669205
842490,4996027
842511,670599
842519,2624256
842531,119801
842539,245384
842541,210999
842542,864599
842549,283868
842611,2369638
842612,277088
842619,2048767
842620,25555857
842630,33003
842641,2274106
842649,4780811
842691,3449515
842699,768677
842710,2405353
842720,5887376
842790,8395834
842810,35187940
842820,1323719
842832,1640364
842833,3776084
842839,4291122
842840,4894507
842860,915
842890,3995692
842911,6660653
842919,4794427
842920,2912079
842930,183868
842940,11072758
842951,16353474
842952,91920904
842959,28954920
843010,8923145
843031,567320
843039,400058
843041,19230761
843049,314876
843050,1007900
843061,32873
843069,1260914
843110,450900
843120,160805
843131,2863736
843139,1962504
843141,608017
843142,754848
843143,327032
843149,20858796
843210,1869928
843221,7880023
843229,6807410
843231,282261
843239,69155
843241,88955
843242,47056
843280,119779
843290,566377
843311,258694
843319,55170
843320,935463
843330,12495
843340,57362
843351,39807790
843352,22064
843353,20830
843359,181498
843360,664779
843390,1579154
843410,2
843490,163332
843510,29081
843590,145359
843610,634896
843621,568435
843629,814227
843680,76714
843691,1104977
843699,1446684
843710,2740992
843780,13001985
843790,1228840
843810,503415
843820,8162
843830,63213
843840,8416697
843850,49146
843860,1371488
843880,192294
843890,8122993
843910,195040
843920,3979927
843930,942438
843991,698100
843999,533764
844010,76619
844090,5277
844110,7109966
844120,1157647
844130,765583
844140,84212
844180,3516681
844190,1190376
844230,296793
844240,2195
844250,935872
844311,73848
844312,1719
844313,1550555
844314,174390
844315,503
844316,755770
844317,58793
844319,21132359
844331,2176397
844332,3897028
844339,62323104
844391,5507583
844399,2122664
844400,1000178
844511,118177
844513,232108
844519,85935
844520,795074
844530,113910
844540,838602
844590,988150
844610,187188
844629,428772
844630,6991
844711,7874851
844712,162544
844720,14211998
844790,19304004
844811,310097
844819,310824
844820,42146
844831,200
844833,4849
844839,42698
844842,273
844849,346103
844851,43703
844859,1062617
844900,2158
845011,12699059
845012,370904
845019,280468
845020,9396956
845090,66306
845110,1423894
845121,95028
845129,2844795
845130,8131366
845140,5070278
845150,15728824
845180,4771286
845190,2641472
845210,220738
845221,5692025
845229,56742151
845230,510106
845290,3674238
845310,2962871
845320,5137298
845380,2809814
845390,418853
845410,22520
845420,2552670
845430,258230
845490,8892247
845510,469867
845521,6027883
845522,643797
845530,2897349
845590,516596
845611,1574575
845612,10740
845620,210460
845630,34810
845640,288966
845650,800
845690,463333
845710,94750
845730,141440
845811,410014
845819,304642
845891,286696
845899,250723
845910,2801045
845921,104052
845929,1471101
845931,2416
845939,71737
845949,25499
845959,297985
845961,11347
845969,289043
845970,229814
846019,198243
846022,30
846023,1144
846024,12642
846029,357933
846031,74361
846039,133415
846040,179604
846090,796734
846120,281659
846130,335315
846140,176308
846150,3299548
846190,493758
846210,4296673
846221,202772
846229,4157551
846231,83086
846239,3389824
846241,135193
846249,1235184
846291,1688772
846299,5431871
846310,1752145
846320,272007
846330,399728
846390,1673331
846410,721809
846420,497565
846490,1991669
846510,1408019
846520,7398
846591,1283529
846592,1127100
846593,956885
846594,546113
846595,822558
846596,1386763
846599,2419094
846610,344016
846620,1561406
846630,73417
846691,201785
846692,7647120
846693,2906281
846694,3786735
846711,143956
846719,67303
846721,877292
846722,218737
846729,874621
846781,7011
846789,608126
846791,65690
846792,52511
846799,370457
846810,69078
846820,2464978
846880,209917
846890,148296
847010,69932
847029,359638
847030,2289
847050,1444073
847090,206782
847130,4158580
847141,1159314
847149,2402684
847150,3719429
847160,4886651
847170,1629283
847180,917437
847190,516870
847210,146329
847230,3009
847290,6427961
847329,186467
847330,3142985
847340,207682
847350,100767
847410,845243
847420,3629064
847431,23946937
847432,1226270
847439,298861
847480,10515537
847490,7670430
847510,9304616
847529,383730
847590,10534
847621,2160
847629,26066
847681,3544
847689,152641
847690,21957
847710,15940815
847720,3134308
847730,1805641
847740,1663647
847751,38814
847759,1101055
847780,6257161
847790,5149768
847810,776874
847890,1471731
847910,1839441
847920,671442
847930,563117
847940,1750976
847950,746496
847960,413171
847971,320374
847979,1697404
847981,2902594
847982,3023066
847989,18800306
847990,4934567
848010,570119
848020,232812
848030,3521757
848041,10427
848049,686305
848050,3410
848060,11767865
848071,3601074
848079,7689410
848110,2034908
848120,609786
848130,198311
848140,95997
848180,6726836
848190,1356306
848210,2371422
848220,4174
848230,125897
848240,4890
848250,113350
848280,932263
848291,161402
848299,6468065
848310,532829
848320,169931
848330,309894
848340,2291488
848350,233563
848360,277361
848390,1082666
848410,183281
848420,64132
848490,609243
848610,39299
848620,309062
848630,1500
848640,248931
848690,23625
848710,5902
848790,48126
850110,13739352
850120,168747
850131,1380935
850132,195166
850133,43618
850134,1263999
850140,131396
850151,441149
850152,550706
850153,192711
850161,62337
850162,13370
850163,324227
850164,2294780
850211,4128690
850212,8054738
850213,18722012
850220,16173321
850239,430900
850240,506
850300,47183859
850410,15029
850421,14190034
850422,7575011
850423,9427849
850431,19971758
850432,78555
850433,14818419
850434,9986435
850440,10316616
850450,1538578
850490,3228071
850511,1770579
850519,1197876
850520,10082
850590,414628
850610,269927
850630,63515
850640,416
850650,620627
850660,33325
850680,854470
850690,153871
850710,4043592
850720,1846196
850730,176647
850740,1594
850750,44678
850760,3044001
850780,2253639
850790,226354
850811,117511
850819,141408
850860,565907
850870,91338
850940,415198
850980,280060
850990,41114
851010,50817
851020,11039
851030,3371
851090,30
851110,266304
851120,33135
851130,106287
851140,62267
851150,259337
851180,336528
851190,6359251
851210,3107378
851220,810513
851230,133098
851240,15983
851290,438614
851310,595815
851390,1541187
851410,1815630
851420,1996790
851430,1893052
851440,71259
851490,175182
851511,560097
851519,2004083
851521,6783
851529,1288103
851531,318790
851539,628164
851580,755912
851590,243756
851610,3015066
851621,2383
851629,105817
851631,63405
851632,96591
851633,217560
851640,509457
851650,324470
851660,2159282
851671,681682
851672,10361
851679,704595
851680,167490
851690,866870
851711,9832
851712,14988
851718,51250879
851762,6508493
851769,2700032
851770,65348476
851810,153076
851821,755790
851822,1182942
851829,152078
851830,287099
851840,110268
851850,215090
851890,1949595
851920,21728
851930,1104
851981,48599
851989,2734124
852110,66375
852190,194379
852290,11975
852321,393640
852329,114566
852341,19737
852349,57651
852351,856820
852352,6271714
852359,92394
852380,222464
852550,340008
852560,19727
852580,1846955
852610,172490
852691,994320
852692,11233
852712,11925
852713,15393
852721,2215
852729,22384
852791,37844
852799,378059
852842,5795
852849,86436
852852,202477
852859,387417
852862,18130
852869,59488
852871,2569568
852872,11623229
852873,7874
852910,211207
852990,4379123
853080,1114832
853090,31540
853110,5869430
853120,3630111
853180,20177372
853190,4141863
853210,1344884
853221,850
853222,11243
853224,156
853229,945617
853230,15209
853290,416823
853310,2480672
853321,613
853329,252037
853339,1070813
853340,316500
853390,1504331
853400,2826536
853510,2407331
853521,533251
853529,9291362
853530,6363510
853540,2129864
853590,5382826
853610,8608837
853620,2986999
853630,1805093
853641,670752
853649,1005593
853650,3926864
853661,4436935
853669,8546244
853670,2897241
853690,42027896
853710,21804493
853720,24487425
853810,1297482
853890,3749034
853910,905475
853921,349187
853922,208923
853929,15060611
853931,12758613
853932,23472
853939,6402310
853941,12420
853949,158896
853950,12536932
853990,162493
854040,12189
854079,112
854089,913
854110,1095046
854129,266345
854130,257
854140,64588212
854150,227608
854160,215
854190,286291
854231,240904
854232,254569
854233,8188
854239,11953318
854290,1119
854310,555557
854320,251047
854330,177736
854370,2059430
854390,257557
854411,1454213
854419,1508499
854420,37760935
854430,76182416
854442,14683636
854449,104574418
854460,48278051
854470,10154405
854519,155256
854520,193779
854590,445884
854610,23
854620,2347372
854690,10788819
854720,76576
854790,5821201
854810,349
854890,16898
860210,15343666
860699,496733
860719,368
860721,971
860729,9392
860730,1925
860799,228008
860800,358053
860900,678433
870110,16013060
870120,44544978
870191,99177850
870192,1642717
870193,16016641
870194,3818959
870195,4679795
870210,105854436
870230,379712
870240,10129
870290,6820223
870310,293299
870321,77021610
870322,33872087
870323,259734477
870324,261791512
870331,49100
870332,16471280
870333,57594830
870340,121239707
870350,353297
870360,279168
870370,555371
870380,89803
870390,26730
870410,31017593
870421,341021324
870422,59339179
870423,20378461
870431,90622925
870432,147872
870490,961132
870510,9568783
870520,83520
870530,3193073
870540,36664113
870590,16269698
870710,1147
870790,51948
870810,356191
870821,31538
870829,561584
870830,224447
870840,214590
870850,634093
870870,141198
870880,210552
870891,775869
870892,28366
870893,72854
870894,4454120
870895,48589
870899,21860218
870911,10890
870919,654315
870990,101963
871110,7393229
871120,269229587
871130,680795
871140,474549
871150,949034
871160,222220
871190,4021
871200,10419836
871310,24915
871390,41399
871410,30448047
871420,33021
871491,78532823
871492,8909808
871493,33319957
871494,35897907
871495,7078883
871496,21414866
871499,80939048
871500,190467
871610,36
871620,141908
871631,9663838
871639,4842938
871640,3092366
871680,3983869
871690,1611540
880100,2353
880212,512665
880320,53902
880330,16282794
880390,74610
880400,1350
890110,7342500
890190,1143183
890200,260000
890310,60967
890392,436156
890399,1728598
890400,100188
890510,670000
890520,146
890590,6120
890790,599776
900110,5033645
900120,26933
900130,52783
900140,531
900150,690044
900190,216
900211,2230
900219,10603
900220,937
900290,6417
900311,170385
900319,205084
900390,26446
900410,883938
900490,242590
900510,5422
900580,3061
900590,84
900630,22402
900653,180
900659,70523
900669,1064
900691,5970
900699,69522
900710,376
900791,145
900792,5197
900850,1315
900890,1608
901010,6188
901050,36031
901060,45560
901090,939
901110,12093
901120,39213
901180,87276
901190,89758
901210,125657
901290,8661
901320,6480
901380,701250
901390,3921
901410,5271
901480,151
901510,72750
901520,2466
901530,24663
901540,959
901580,317711
901590,42390
901600,69524
901710,300395
901720,162016
901730,406646
901780,176762
901790,432609
901811,536127
901812,2332605
901813,8797
901819,806782
901820,62299
901831,637204
901832,459459
901839,2582004
901841,32380
901849,257378
901850,581842
901890,14773033
901910,747521
901920,392925
902000,143303
902110,117587
902121,87940
902129,128861
902139,68594
902140,19752
902150,16308
902190,286354
902212,171922
902213,2125
902214,192409
902219,2956736
902229,28749
902230,105536
902290,753739
902300,470251
902410,694275
902480,1620767
902490,804857
902511,591
902519,306661
902580,286842
902590,95110
902610,801942
902620,608197
902680,473203
902690,136375
902710,301004
902720,26336
902730,781926
902750,426412
902780,2377505
902790,1437356
902810,111369
902820,617114
902830,25660777
902890,3743558
902910,40809
902920,244550
902990,17119
903010,55252
903020,54652
903031,168057
903032,140066
903033,580585
903039,84921
903040,174000
903082,33403
903084,743727
903089,355540
903090,641532
903110,474243
903120,762563
903141,776450
903149,1492682
903180,6309917
903190,686166
903210,127382
903220,134785
903281,460951
903289,976423
903290,318163
903300,285685
910111,862
910119,70428
910129,67929
910191,4294
910199,191131
910211,3004362
910212,8336
910219,113712
910221,406
910229,157804
910291,3091
910299,2255835
910310,11501
910390,535
910400,5089
910511,956
910519,1754
910521,58002
910529,206610
910591,28553
910599,67698
910610,149333
910690,18649
910700,9104
910819,5
910910,238
911090,1847
911190,18
911320,12608
911390,2254395
911410,17455
911430,402
911490,130162
920110,272355
920120,134315
920190,62072
920290,36393
920510,1520
920590,20064
920600,17481
920790,168
920810,24734
920890,2542
920930,1192
920991,949
920999,3510
930190,7494
930200,1411686
930400,8309
930591,500
930599,946
930621,11751
930630,5846
930690,82840
940110,131875
940120,8364
940130,708999
940140,12592
940153,1634
940159,188023
940161,881884
940169,1868941
940171,518969
940179,1357739
940180,3420035
940190,533140
940210,83703
940290,852139
940310,4574792
940320,13046349
940330,2805746
940340,718839
940350,8526697
940360,7889742
940370,679491
940382,15
940383,453
940389,4860388
940390,7354745
940410,678802
940421,126145
940429,4356268
940430,107321
940490,6269831
940510,7484358
940520,219535
940530,455040
940540,4389132
940550,42328
940560,1640295
940591,96319
940592,771247
940599,2390858
940610,659683
940690,60518753
950300,48171057
950420,7816
950430,362021
950440,133449
950450,4570
950490,90984
950510,615997
950590,576933
950611,4
950619,393638
950621,3248
950629,140792
950631,9090
950632,41915
950639,14819
950640,41841
950651,29083
950659,44960
950661,5306
950662,85346
950669,395602
950670,660682
950691,2560102
950699,2164460
950710,38406
950720,692134
950730,15669
950790,338771
950890,671519
960110,44327
960190,19
960200,286795
960310,3064496
960321,2097758
960329,58420
960330,10117
960340,31294
960350,46282
960390,756430
960400,567
960500,12034
960610,13382684
960621,17157223
960622,12491149
960629,5457032
960630,191016
960711,31585693
960719,86317152
960720,19416005
960810,1532835
960820,304769
960830,37952
960840,8543
960850,234
960860,7047
960891,24111
960899,27210
960910,424249
960920,90366
960990,58177
961000,1000125
961100,24479
961210,441825
961220,14516
961310,11770
961320,26500
961380,32771
961390,25930
961400,16576
961511,79012
961519,60926
961590,132119
961610,1815
961620,94554
961700,494606
961800,210641
961900,35787118
962000,8542
970110,77510
970190,25212
970300,1140196
999999,3342340
